time,tmax,tmin,rain,wind,sun
2015-01-01,20.4,14.4,1.3,23.0,32.82
2015-01-02,22.9,13.5,0.0,20.3,31.04
2015-01-03,22.6,15.2,0.0,18.4,26.63
2015-01-04,23.5,15.2,0.0,12.6,31.38
2015-01-05,24.4,17.1,0.0,15.5,28.93
2015-01-06,23.3,15.2,0.0,15.1,31.59
2015-01-07,23.6,15.6,0.3,19.6,23.11
2015-01-08,22.3,14.3,1.0,22.2,24.97
2015-01-09,22.2,17.6,0.9,16.4,23.28
2015-01-10,25.0,16.0,0.3,19.7,26.56
2015-01-11,23.1,16.4,0.0,21.7,28.5
2015-01-12,24.4,18.2,0.0,23.4,22.58
2015-01-13,24.8,17.3,0.0,18.6,31.52
2015-01-14,24.8,15.3,0.0,18.1,29.7
2015-01-15,25.4,15.5,0.0,11.7,29.28
2015-01-16,25.5,17.8,0.0,11.5,31.0
2015-01-17,24.8,17.6,1.6,17.7,18.38
2015-01-18,24.8,16.4,0.0,17.8,31.68
2015-01-19,24.9,19.0,0.0,17.2,28.36
2015-01-20,24.1,17.1,0.3,15.9,23.64
2015-01-21,24.3,17.5,0.0,23.1,27.74
2015-01-22,23.5,16.3,0.7,24.7,25.47
2015-01-23,23.4,18.0,0.4,14.3,24.12
2015-01-24,26.1,16.8,0.0,18.5,28.96
2015-01-25,24.6,17.2,0.0,17.9,26.88
2015-01-26,24.9,17.7,0.3,16.2,24.57
2015-01-27,25.0,18.9,2.5,9.6,19.47
2015-01-28,25.4,18.5,0.0,19.5,24.92
2015-01-29,25.4,19.0,0.2,25.5,26.64
2015-01-30,25.5,19.4,0.0,21.4,24.37
2015-01-31,24.4,19.8,0.9,18.4,15.41
2015-02-01,22.3,20.0,8.8,16.5,6.85
2015-02-02,25.1,19.8,1.2,19.1,22.28
2015-02-03,24.5,18.4,1.3,25.7,27.14
2015-02-04,22.0,16.3,12.6,13.0,10.15
2015-02-05,21.4,18.4,1.6,32.1,23.66
2015-02-06,20.2,17.1,0.5,38.5,18.33
2015-02-07,21.5,16.7,0.0,27.4,28.82
2015-02-08,22.5,14.9,0.0,14.7,18.96
2015-02-09,22.8,17.0,1.0,18.7,16.19
2015-02-10,23.1,17.8,0.4,19.3,20.36
2015-02-11,22.3,15.0,0.0,18.9,25.85
2015-02-12,22.1,15.5,0.7,18.2,19.98
2015-02-13,23.1,17.0,0.6,22.9,22.64
2015-02-14,23.7,14.8,1.9,12.7,23.66
2015-02-15,22.2,16.9,3.1,13.4,22.24
2015-02-16,22.2,15.2,1.9,11.5,22.07
2015-02-17,22.3,17.1,1.8,10.9,22.15
2015-02-18,24.5,16.8,0.0,16.3,26.8
2015-02-19,24.1,16.1,0.0,21.0,27.63
2015-02-20,24.7,15.4,0.4,11.3,21.63
2015-02-21,23.2,16.8,0.8,12.0,17.69
2015-02-22,22.7,17.9,15.0,6.4,17.11
2015-02-23,22.1,17.2,1.4,20.3,19.65
2015-02-24,22.6,17.6,0.0,17.6,21.47
2015-02-25,22.5,16.1,0.1,19.9,21.37
2015-02-26,23.9,15.6,1.0,13.9,22.15
2015-02-27,23.2,17.0,2.0,17.1,21.21
2015-02-28,25.0,15.3,0.0,14.1,24.31
2015-03-01,25.7,15.8,0.0,6.9,25.8
2015-03-02,23.8,16.7,0.0,19.7,23.88
2015-03-03,23.6,19.3,0.8,15.5,13.48
2015-03-04,24.2,17.7,0.1,9.9,15.84
2015-03-05,25.0,17.6,0.1,17.1,21.65
2015-03-06,24.2,17.4,4.0,32.4,10.29
2015-03-07,24.2,16.9,0.9,38.5,15.79
2015-03-08,22.6,18.0,0.3,33.7,19.26
2015-03-09,21.8,16.4,0.0,15.3,14.7
2015-03-10,24.6,15.4,0.0,20.6,22.21
2015-03-11,23.9,15.2,0.1,11.6,19.35
2015-03-12,22.7,18.1,3.9,12.7,17.18
2015-03-13,23.4,17.4,1.1,12.4,19.03
2015-03-14,24.0,16.2,0.1,16.5,20.39
2015-03-15,21.6,18.5,16.5,32.1,7.33
2015-03-16,22.3,18.2,27.4,33.6,12.45
2015-03-17,19.9,15.8,2.4,23.8,12.39
2015-03-18,19.4,12.4,0.4,23.3,15.9
2015-03-19,19.5,14.4,1.5,13.4,16.83
2015-03-20,19.3,12.8,1.9,13.4,18.42
2015-03-21,19.6,15.7,0.0,18.8,16.79
2015-03-22,20.5,13.5,0.0,17.2,18.0
2015-03-23,20.1,14.4,0.3,20.5,15.2
2015-03-24,20.4,15.4,3.7,14.2,13.74
2015-03-25,21.3,15.6,0.5,13.0,17.31
2015-03-26,21.6,17.3,2.4,16.9,12.88
2015-03-27,23.0,17.3,1.6,13.4,15.62
2015-03-28,21.5,18.5,2.0,12.8,12.27
2015-03-29,21.7,17.7,2.1,23.4,15.07
2015-03-30,20.6,16.5,1.9,25.4,15.94
2015-03-31,20.5,15.0,0.0,21.1,15.52
2015-04-01,21.4,12.7,0.0,10.5,19.24
2015-04-02,21.1,15.0,0.5,5.4,14.97
2015-04-03,20.8,13.7,0.2,17.3,17.48
2015-04-04,21.0,13.2,0.0,19.5,14.78
2015-04-05,21.1,15.8,0.6,11.7,10.18
2015-04-06,21.8,15.9,0.0,20.4,16.52
2015-04-07,22.9,17.1,0.0,16.7,15.25
2015-04-08,23.1,17.6,0.0,14.4,14.14
2015-04-09,22.0,18.3,2.0,12.1,8.47
2015-04-10,22.4,17.9,3.0,27.5,8.87
2015-04-11,20.6,14.4,0.5,22.4,17.45
2015-04-12,18.9,13.8,0.1,19.8,11.5
2015-04-13,17.5,10.6,14.7,35.8,8.95
2015-04-14,14.2,10.2,0.6,29.1,15.76
2015-04-15,17.2,11.2,1.9,33.5,10.05
2015-04-16,17.7,11.2,0.0,17.8,16.86
2015-04-17,17.9,13.4,0.1,17.1,10.97
2015-04-18,17.0,14.5,28.8,22.7,6.57
2015-04-19,19.3,13.2,0.2,17.6,12.97
2015-04-20,20.1,13.4,0.2,12.5,13.63
2015-04-21,19.9,13.4,0.0,7.6,13.1
2015-04-22,19.5,13.9,0.0,9.7,10.76
2015-04-23,18.9,13.4,0.2,11.6,12.24
2015-04-24,18.8,14.7,0.0,19.1,13.64
2015-04-25,18.8,14.2,0.0,22.3,10.79
2015-04-26,19.2,15.4,0.0,25.9,10.94
2015-04-27,19.0,16.9,31.0,40.4,3.17
2015-04-28,17.3,13.9,2.5,30.3,11.79
2015-04-29,16.4,12.4,7.3,32.9,11.57
2015-04-30,16.7,12.4,0.2,40.3,8.79
2015-05-01,17.4,10.8,0.0,10.5,14.21
2015-05-02,17.5,11.7,0.0,12.3,10.72
2015-05-03,17.4,10.7,0.0,9.9,12.33
2015-05-04,17.2,9.7,0.0,10.5,10.67
2015-05-05,18.8,12.8,0.2,19.3,9.01
2015-05-06,19.8,14.8,0.0,20.5,11.25
2015-05-07,20.1,16.4,9.6,22.7,8.04
2015-05-08,17.9,15.4,26.0,24.5,1.7
2015-05-09,17.6,12.6,0.1,19.6,11.03
2015-05-10,18.8,12.7,0.0,17.1,12.23
2015-05-11,18.5,11.6,0.0,20.1,10.86
2015-05-12,16.4,14.1,10.3,29.7,4.15
2015-05-13,18.3,13.4,0.0,23.8,8.92
2015-05-14,17.7,14.0,15.8,26.8,5.08
2015-05-15,16.5,11.3,9.8,36.3,8.82
2015-05-16,16.0,10.2,0.2,24.0,11.1
2015-05-17,16.1,9.2,0.5,17.4,8.23
2015-05-18,16.1,9.5,0.0,29.9,7.47
2015-05-19,16.8,12.4,0.0,27.7,9.03
2015-05-20,16.5,11.8,0.0,12.6,9.0
2015-05-21,17.7,10.9,5.5,27.7,7.71
2015-05-22,15.7,12.6,8.5,25.3,8.86
2015-05-23,17.2,11.8,32.0,40.4,1.8
2015-05-24,14.1,11.9,2.6,40.1,8.17
2015-05-25,12.5,10.5,1.3,41.4,9.13
2015-05-26,13.7,11.0,0.1,34.5,7.27
2015-05-27,13.8,7.4,0.2,19.5,7.79
2015-05-28,13.7,4.9,0.0,9.2,11.15
2015-05-29,14.5,5.3,0.0,7.9,10.82
2015-05-30,15.6,8.0,0.0,18.6,10.37
2015-05-31,14.2,13.0,12.8,17.4,2.69
2015-06-01,16.8,13.3,6.7,29.8,8.78
2015-06-02,18.5,13.3,10.5,26.1,6.59
2015-06-03,15.7,12.6,4.3,38.3,6.99
2015-06-04,14.3,12.4,9.4,27.6,7.01
2015-06-05,15.2,12.0,1.6,18.2,7.21
2015-06-06,15.0,9.8,0.4,10.6,8.34
2015-06-07,14.7,8.8,0.0,23.3,7.16
2015-06-08,14.4,8.3,0.0,9.5,9.68
2015-06-09,16.0,10.6,0.1,13.9,7.74
2015-06-10,16.4,11.6,0.3,25.3,7.61
2015-06-11,14.9,12.6,1.9,26.0,8.14
2015-06-12,15.2,11.3,0.2,38.9,5.24
2015-06-13,14.7,12.5,0.0,38.9,6.85
2015-06-14,15.5,12.7,0.0,36.8,7.18
2015-06-15,14.9,10.9,0.5,25.8,7.01
2015-06-16,12.1,7.3,0.0,25.9,10.04
2015-06-17,13.9,9.4,0.0,6.4,8.22
2015-06-18,14.3,7.2,0.0,19.9,5.85
2015-06-19,17.5,12.4,0.0,23.2,7.35
2015-06-20,17.4,14.5,11.8,29.0,2.82
2015-06-21,13.8,11.0,0.0,23.7,7.82
2015-06-22,12.4,6.8,0.1,21.9,8.38
2015-06-23,9.3,4.0,0.0,17.1,9.46
2015-06-24,10.6,5.4,0.0,21.5,9.53
2015-06-25,11.6,6.8,0.0,24.3,8.18
2015-06-26,14.9,9.1,0.1,28.5,7.53
2015-06-27,14.1,11.5,0.6,32.4,7.32
2015-06-28,15.3,11.5,0.0,27.2,7.35
2015-06-29,14.8,11.9,0.0,35.7,7.76
2015-06-30,15.2,12.1,0.0,26.6,7.91
2015-07-01,15.0,10.2,0.0,28.3,6.99
2015-07-02,14.3,8.8,0.0,12.0,6.87
2015-07-03,15.7,9.6,6.6,23.9,6.08
2015-07-04,13.9,12.0,16.6,15.5,2.2
2015-07-05,14.2,10.9,0.0,33.5,7.34
2015-07-06,15.0,12.1,0.9,24.9,7.54
2015-07-07,14.7,11.4,14.6,30.9,6.08
2015-07-08,11.1,6.4,0.9,20.7,7.61
2015-07-09,8.8,5.2,0.0,28.1,9.72
2015-07-10,9.9,4.4,0.0,20.5,10.43
2015-07-11,10.4,2.9,0.0,18.1,10.54
2015-07-12,10.9,1.7,0.0,9.3,10.96
2015-07-13,12.8,3.1,0.0,17.1,9.98
2015-07-14,14.0,9.1,0.3,32.4,6.62
2015-07-15,14.7,12.5,17.0,29.0,4.54
2015-07-16,15.3,11.2,0.0,20.9,8.7
2015-07-17,14.3,7.3,0.0,17.0,8.99
2015-07-18,15.6,7.0,13.6,38.4,5.89
2015-07-19,11.9,9.1,0.6,39.5,9.93
2015-07-20,13.4,10.1,0.9,33.4,7.81
2015-07-21,13.4,6.9,0.0,27.1,10.86
2015-07-22,13.7,7.6,0.0,18.6,11.37
2015-07-23,13.0,6.4,0.0,8.0,10.01
2015-07-24,13.1,7.6,0.0,17.5,6.62
2015-07-25,12.7,5.5,0.0,15.0,9.99
2015-07-26,14.1,11.0,4.4,19.7,3.2
2015-07-27,15.7,12.5,0.3,24.4,3.46
2015-07-28,14.1,10.3,10.0,27.0,9.02
2015-07-29,12.5,8.7,4.9,35.5,9.75
2015-07-30,11.7,5.7,0.0,14.3,12.37
2015-07-31,13.1,7.9,0.0,15.5,7.33
2015-08-01,14.5,8.0,0.0,19.6,8.45
2015-08-02,15.3,10.1,0.6,15.8,8.46
2015-08-03,16.0,11.0,0.7,19.6,9.53
2015-08-04,16.5,12.7,5.6,22.9,8.58
2015-08-05,15.0,10.9,21.6,23.9,3.44
2015-08-06,15.3,11.3,5.7,28.2,10.7
2015-08-07,12.8,10.1,5.0,32.1,11.13
2015-08-08,11.1,7.5,7.1,32.9,11.79
2015-08-09,11.1,5.1,1.9,16.4,11.25
2015-08-10,10.5,4.2,0.4,15.2,12.33
2015-08-11,10.6,3.2,0.0,25.1,12.39
2015-08-12,11.6,5.2,0.0,17.1,12.91
2015-08-13,12.8,5.9,0.0,18.7,13.54
2015-08-14,13.4,10.5,9.7,33.2,3.54
2015-08-15,13.6,9.2,4.3,19.5,10.51
2015-08-16,14.3,7.6,0.4,14.5,12.6
2015-08-17,14.1,6.5,0.3,13.9,13.46
2015-08-18,14.3,10.5,1.2,25.9,10.19
2015-08-19,14.5,10.4,5.3,29.5,6.88
2015-08-20,13.1,8.2,1.2,27.6,12.04
2015-08-21,13.4,5.7,0.0,10.4,15.71
2015-08-22,12.8,7.7,0.0,11.7,4.49
2015-08-23,14.4,8.2,0.0,16.5,11.98
2015-08-24,15.3,7.7,0.3,17.0,13.89
2015-08-25,14.4,10.5,8.7,27.6,3.48
2015-08-26,14.5,8.6,0.0,23.3,14.6
2015-08-27,13.7,6.0,0.0,14.4,12.37
2015-08-28,14.3,8.2,0.0,7.6,14.04
2015-08-29,14.7,6.9,2.2,17.9,10.23
2015-08-30,16.3,11.8,4.9,21.1,9.27
2015-08-31,14.9,11.9,26.6,22.8,2.75
2015-09-01,16.4,12.0,20.6,35.5,11.56
2015-09-02,16.3,11.0,1.8,26.0,13.89
2015-09-03,13.8,10.9,4.3,40.5,13.34
2015-09-04,13.3,10.0,6.4,15.5,6.49
2015-09-05,14.3,9.5,16.5,24.8,13.63
2015-09-06,12.6,9.8,6.8,32.1,14.83
2015-09-07,13.4,8.6,0.3,27.5,14.59
2015-09-08,14.2,7.7,0.0,24.7,14.03
2015-09-09,14.8,7.8,0.0,15.2,13.45
2015-09-10,14.0,11.0,9.9,33.0,4.61
2015-09-11,13.0,9.9,6.4,39.7,16.71
2015-09-12,12.2,7.2,1.9,31.9,20.2
2015-09-13,15.0,9.1,0.0,30.1,14.17
2015-09-14,15.2,6.7,0.4,12.0,15.25
2015-09-15,13.2,8.7,0.0,27.7,10.37
2015-09-16,14.0,11.0,0.0,21.0,11.25
2015-09-17,16.9,9.3,0.1,18.4,17.34
2015-09-18,16.0,10.6,7.0,19.0,10.64
2015-09-19,15.0,9.1,2.6,9.6,15.93
2015-09-20,13.4,9.3,10.8,20.5,16.57
2015-09-21,11.0,8.5,9.4,28.4,8.47
2015-09-22,13.8,7.4,0.7,21.3,17.12
2015-09-23,14.8,8.4,1.1,26.7,17.15
2015-09-24,16.5,10.8,3.0,12.1,17.14
2015-09-25,15.7,10.7,1.1,20.8,18.63
2015-09-26,16.2,7.9,0.1,15.1,21.07
2015-09-27,15.4,8.0,4.7,11.3,21.33
2015-09-28,15.0,9.4,10.1,10.0,19.35
2015-09-29,15.7,7.1,0.0,8.3,23.15
2015-09-30,16.5,10.0,0.0,14.7,22.56
2015-10-01,17.1,9.7,0.0,13.6,20.21
2015-10-02,16.5,12.0,15.1,28.4,15.0
2015-10-03,16.2,10.9,1.5,26.8,20.45
2015-10-04,16.3,9.0,0.0,24.5,17.28
2015-10-05,15.6,10.2,0.0,34.3,23.17
2015-10-06,16.2,7.3,0.0,22.2,24.1
2015-10-07,17.0,9.7,0.0,19.1,23.19
2015-10-08,15.4,11.1,0.2,34.9,16.64
2015-10-09,15.9,6.9,0.0,19.9,24.13
2015-10-10,15.0,9.2,0.1,23.2,15.46
2015-10-11,16.0,11.5,0.0,26.6,15.85
2015-10-12,17.1,12.3,0.6,25.1,21.81
2015-10-13,16.9,11.8,4.5,28.7,18.6
2015-10-14,17.5,11.3,1.3,24.3,19.97
2015-10-15,15.5,11.0,0.0,24.0,18.0
2015-10-16,15.3,11.0,0.0,23.5,16.07
2015-10-17,15.6,12.5,0.0,29.0,15.91
2015-10-18,17.7,10.7,0.0,25.6,19.0
2015-10-19,15.5,12.0,0.0,38.1,17.02
2015-10-20,15.3,11.9,0.0,27.5,14.85
2015-10-21,16.4,11.2,0.4,25.4,16.58
2015-10-22,18.0,13.5,1.1,34.2,19.77
2015-10-23,19.1,14.3,0.5,26.5,22.95
2015-10-24,16.4,11.2,5.5,23.7,6.89
2015-10-25,16.5,11.4,0.0,25.8,26.46
2015-10-26,17.6,9.7,0.0,26.5,26.13
2015-10-27,17.8,11.2,0.0,28.7,24.39
2015-10-28,17.9,10.6,0.0,13.8,16.93
2015-10-29,17.5,12.5,18.9,22.4,12.75
2015-10-30,15.7,12.5,2.9,23.6,11.26
2015-10-31,15.9,12.0,0.0,21.9,23.79
2015-11-01,17.3,11.0,0.0,15.5,23.22
2015-11-02,15.9,10.9,0.0,15.8,17.48
2015-11-03,17.1,10.2,0.4,20.1,18.61
2015-11-04,14.7,10.2,15.3,36.4,20.0
2015-11-05,17.1,9.1,0.0,18.0,25.43
2015-11-06,18.0,8.4,0.0,13.9,30.28
2015-11-07,20.3,10.3,0.0,19.9,29.78
2015-11-08,18.4,11.2,0.0,17.9,28.48
2015-11-09,20.2,10.9,0.2,15.3,19.73
2015-11-10,20.4,12.2,0.0,15.6,23.31
2015-11-11,18.9,13.4,0.5,23.9,20.69
2015-11-12,16.5,11.1,2.3,24.5,22.09
2015-11-13,16.0,8.0,0.0,18.4,29.94
2015-11-14,17.4,9.5,0.0,19.2,29.54
2015-11-15,19.0,12.7,0.4,26.1,14.77
2015-11-16,18.0,12.6,16.6,23.6,6.37
2015-11-17,16.9,11.6,0.0,32.3,19.92
2015-11-18,16.5,11.8,0.0,28.3,20.5
2015-11-19,15.9,11.3,1.6,28.5,14.51
2015-11-20,18.1,13.8,2.7,29.2,15.63
2015-11-21,19.4,15.7,11.8,40.4,14.08
2015-11-22,18.2,13.9,14.9,36.5,25.81
2015-11-23,18.2,12.3,0.0,18.0,31.1
2015-11-24,19.7,12.3,0.0,10.1,26.74
2015-11-25,21.5,15.1,0.0,10.2,23.4
2015-11-26,22.5,16.0,0.4,13.0,24.6
2015-11-27,22.9,17.2,14.4,23.2,25.9
2015-11-28,21.0,15.4,3.7,22.1,16.54
2015-11-29,20.4,13.3,0.0,10.5,22.83
2015-11-30,21.3,15.7,7.0,16.8,17.27
2015-12-01,19.4,16.5,1.4,20.4,12.96
2015-12-02,19.3,16.0,0.0,15.6,21.6
2015-12-03,20.6,14.5,0.0,15.3,26.83
2015-12-04,20.7,15.1,0.0,14.5,17.61
2015-12-05,18.9,14.2,0.0,24.0,28.48
2015-12-06,19.4,15.1,0.0,23.0,20.65
2015-12-07,19.8,14.5,0.7,21.9,25.81
2015-12-08,17.4,14.3,0.0,31.9,20.1
2015-12-09,18.0,14.4,0.0,26.0,19.53
2015-12-10,17.7,13.9,0.0,26.4,19.53
2015-12-11,20.2,16.0,0.4,22.6,8.94
2015-12-12,22.8,16.7,0.0,26.7,28.37
2015-12-13,19.9,15.0,2.4,29.3,23.16
2015-12-14,17.7,14.2,0.0,21.7,16.99
2015-12-15,18.7,15.2,0.0,21.8,17.86
2015-12-16,19.6,14.1,5.2,25.1,21.77
2015-12-17,17.6,12.9,1.9,19.6,24.57
2015-12-18,18.7,11.3,0.0,28.6,25.84
2015-12-19,20.7,13.6,0.0,31.0,30.61
2015-12-20,21.5,13.9,0.0,26.8,32.5
2015-12-21,21.6,15.4,0.0,26.0,31.48
2015-12-22,22.6,15.8,0.0,27.2,28.56
2015-12-23,23.0,15.9,3.1,22.8,31.51
2015-12-24,18.8,16.2,10.8,24.6,15.19
2015-12-25,19.8,14.7,1.5,21.7,13.49
2015-12-26,22.6,13.3,0.0,14.4,29.51
2015-12-27,24.1,15.1,0.0,18.4,29.47
2015-12-28,24.1,16.7,0.0,22.3,28.93
2015-12-29,21.7,16.2,0.0,27.1,31.64
2015-12-30,23.6,15.8,0.0,10.2,25.46
2015-12-31,25.0,15.6,0.0,25.6,31.5
2016-01-01,19.3,18.4,11.9,37.5,7.8
2016-01-02,19.2,18.3,29.7,34.9,3.62
2016-01-03,23.3,19.0,3.4,24.1,21.11
2016-01-04,20.6,16.5,0.2,21.2,21.7
2016-01-05,19.4,14.8,1.4,20.4,21.37
2016-01-06,19.8,14.7,0.0,22.2,23.34
2016-01-07,19.9,16.5,0.0,25.1,18.0
2016-01-08,23.0,18.3,5.5,32.4,12.31
2016-01-09,21.2,16.8,0.0,23.6,28.08
2016-01-10,20.9,16.9,0.5,26.6,19.86
2016-01-11,22.0,13.5,0.1,18.2,28.79
2016-01-12,22.3,16.6,4.7,17.6,18.04
2016-01-13,21.8,15.1,0.0,24.1,32.21
2016-01-14,21.5,16.9,0.9,19.6,23.18
2016-01-15,23.1,15.9,0.0,14.3,26.44
2016-01-16,24.7,18.1,0.0,9.8,31.21
2016-01-17,23.7,18.4,4.9,23.4,24.96
2016-01-18,23.1,19.7,18.7,38.5,20.55
2016-01-19,23.2,18.5,3.6,19.3,26.16
2016-01-20,24.1,18.3,0.0,8.7,23.84
2016-01-21,24.4,17.3,0.3,14.8,25.02
2016-01-22,24.8,17.7,0.0,14.7,26.6
2016-01-23,26.2,16.1,0.0,15.6,30.31
2016-01-24,26.2,19.1,1.4,7.1,29.32
2016-01-25,25.4,18.6,0.0,14.4,29.14
2016-01-26,26.7,18.2,2.6,9.1,23.06
2016-01-27,25.7,20.7,32.8,12.0,20.85
2016-01-28,25.6,19.3,1.3,16.8,24.12
2016-01-29,25.0,19.2,0.0,15.3,26.58
2016-01-30,26.0,19.1,0.5,13.5,26.77
2016-01-31,23.8,19.7,14.4,16.0,23.53
2016-02-01,22.7,19.7,0.7,19.8,21.12
2016-02-02,24.7,19.0,1.4,14.2,22.52
2016-02-03,23.7,19.4,0.5,22.1,25.17
2016-02-04,23.1,19.3,0.0,24.3,16.92
2016-02-05,23.6,20.0,12.5,23.6,10.39
2016-02-06,23.8,19.8,10.6,20.6,15.62
2016-02-07,23.9,20.7,0.0,25.1,16.05
2016-02-08,22.9,19.3,1.5,13.2,16.8
2016-02-09,23.1,19.4,0.9,16.9,14.23
2016-02-10,25.0,19.3,1.0,11.8,24.06
2016-02-11,24.4,18.5,5.1,9.4,23.79
2016-02-12,26.1,20.0,2.1,15.1,25.43
2016-02-13,24.4,17.5,1.7,16.5,22.39
2016-02-14,23.4,19.3,0.1,21.8,21.33
2016-02-15,24.0,19.2,0.0,24.0,20.8
2016-02-16,22.9,19.7,0.1,22.0,17.41
2016-02-17,21.2,19.5,21.5,32.2,5.01
2016-02-18,23.4,20.0,26.7,35.0,10.8
2016-02-19,23.5,17.4,3.0,23.3,21.7
2016-02-20,23.3,15.6,0.0,17.1,24.41
2016-02-21,23.0,18.0,0.0,24.1,17.79
2016-02-22,23.6,16.2,1.1,16.8,22.25
2016-02-23,22.7,18.0,1.2,12.4,23.71
2016-02-24,23.3,17.4,1.0,14.3,20.51
2016-02-25,23.3,15.7,0.0,13.2,26.21
2016-02-26,25.3,17.7,0.0,8.4,25.12
2016-02-27,25.3,18.9,1.2,16.8,16.71
2016-02-28,26.5,21.3,1.8,15.7,15.61
2016-02-29,22.3,20.2,19.8,17.8,3.97
2016-03-01,21.6,19.0,20.0,17.3,12.03
2016-03-02,21.9,17.7,0.5,22.1,20.77
2016-03-03,21.6,16.2,0.0,15.5,21.75
2016-03-04,22.6,15.2,0.2,11.0,21.19
2016-03-05,23.2,16.5,1.4,17.7,20.19
2016-03-06,23.5,16.0,0.0,19.9,18.23
2016-03-07,23.1,18.9,0.0,25.8,18.05
2016-03-08,23.5,19.0,0.0,26.6,21.56
2016-03-09,21.8,15.3,0.0,18.8,24.49
2016-03-10,21.3,14.1,0.0,21.9,21.69
2016-03-11,22.3,17.9,0.5,21.9,17.48
2016-03-12,20.1,13.9,0.0,20.0,22.14
2016-03-13,21.9,14.5,0.0,10.0,22.86
2016-03-14,22.2,16.0,0.1,12.6,17.82
2016-03-15,23.2,15.8,0.0,16.6,17.95
2016-03-16,22.8,17.9,3.7,14.4,17.83
2016-03-17,22.3,17.8,8.5,15.2,14.03
2016-03-18,21.6,18.4,2.1,23.7,14.8
2016-03-19,21.6,18.3,0.0,27.5,16.56
2016-03-20,22.3,18.9,0.8,25.0,17.51
2016-03-21,23.1,18.5,0.1,26.0,16.68
2016-03-22,23.1,19.1,0.2,31.7,17.92
2016-03-23,21.9,20.2,5.4,44.4,5.83
2016-03-24,22.6,18.6,11.0,44.3,8.54
2016-03-25,23.8,18.1,0.2,13.0,15.02
2016-03-26,22.8,17.5,0.8,14.6,16.71
2016-03-27,22.2,17.3,0.5,16.3,17.18
2016-03-28,22.3,16.6,0.0,18.6,14.29
2016-03-29,23.0,15.7,0.0,14.4,20.18
2016-03-30,22.0,15.6,0.0,15.0,19.47
2016-03-31,20.8,14.8,0.1,19.1,13.95
2016-04-01,21.6,17.6,6.0,27.2,9.86
2016-04-02,23.5,18.4,3.8,18.9,15.48
2016-04-03,22.5,18.4,0.9,17.6,15.48
2016-04-04,20.8,16.2,0.7,23.3,14.35
2016-04-05,19.2,14.5,0.0,17.7,16.27
2016-04-06,19.0,12.6,0.1,12.9,18.43
2016-04-07,20.4,13.5,0.0,15.3,12.92
2016-04-08,21.4,14.6,0.6,22.7,7.34
2016-04-09,20.6,13.9,0.0,11.8,12.85
2016-04-10,19.5,13.1,6.3,9.3,10.72
2016-04-11,21.0,15.0,0.4,16.3,10.96
2016-04-12,21.4,15.0,1.5,21.9,11.86
2016-04-13,19.8,15.8,3.2,19.8,11.67
2016-04-14,19.6,13.1,0.0,17.0,15.33
2016-04-15,19.6,11.3,0.0,11.0,15.57
2016-04-16,18.4,12.5,0.3,20.5,9.11
2016-04-17,18.5,15.9,9.9,23.5,6.2
2016-04-18,20.1,16.4,0.0,24.2,15.99
2016-04-19,19.9,14.4,0.0,9.1,12.65
2016-04-20,19.8,13.9,0.5,14.5,12.46
2016-04-21,19.8,14.3,0.0,8.4,13.32
2016-04-22,19.3,14.2,0.0,11.3,12.34
2016-04-23,20.3,13.7,0.0,14.1,11.83
2016-04-24,17.5,13.8,3.5,20.3,5.64
2016-04-25,19.5,14.0,0.0,28.8,11.54
2016-04-26,18.9,14.0,0.0,33.7,11.46
2016-04-27,19.6,12.1,0.0,13.2,13.15
2016-04-28,18.5,13.7,0.0,15.3,8.1
2016-04-29,17.7,14.2,0.0,19.1,7.91
2016-04-30,19.5,14.3,0.0,16.8,11.13
2016-05-01,19.3,14.1,0.1,15.1,10.29
2016-05-02,20.4,13.8,0.2,15.8,10.52
2016-05-03,21.0,13.1,0.0,12.2,11.17
2016-05-04,21.1,12.8,0.0,13.7,9.59
2016-05-05,21.7,16.5,0.0,17.8,9.38
2016-05-06,20.2,15.6,0.5,10.3,6.63
2016-05-07,20.5,14.0,0.0,7.9,11.91
2016-05-08,19.6,13.2,0.0,7.6,8.89
2016-05-09,20.5,13.0,0.0,11.4,11.74
2016-05-10,19.7,13.5,0.0,16.1,10.32
2016-05-11,20.5,17.0,1.6,26.9,3.7
2016-05-12,20.3,16.1,0.9,22.6,7.82
2016-05-13,20.8,16.3,0.3,29.0,9.91
2016-05-14,20.2,14.4,0.0,19.1,11.4
2016-05-15,20.2,13.3,0.0,15.2,9.4
2016-05-16,19.5,14.7,3.2,32.5,8.06
2016-05-17,17.5,12.1,0.7,32.4,9.91
2016-05-18,17.9,11.5,5.9,39.8,6.73
2016-05-19,17.9,15.6,0.0,31.7,8.63
2016-05-20,19.2,14.3,4.6,30.6,9.3
2016-05-21,16.0,12.0,6.4,29.6,8.0
2016-05-22,16.8,12.0,1.3,32.5,7.7
2016-05-23,14.5,11.5,3.3,33.4,8.11
2016-05-24,17.8,12.5,10.0,33.4,6.74
2016-05-25,15.5,12.9,6.4,29.5,5.61
2016-05-26,17.0,12.8,1.7,27.7,8.66
2016-05-27,17.7,13.5,0.0,23.1,6.52
2016-05-28,19.1,16.1,7.9,40.1,9.16
2016-05-29,17.3,13.2,18.1,42.4,5.48
2016-05-30,15.5,12.2,1.6,28.6,8.43
2016-05-31,14.5,11.1,2.0,32.5,8.01
2016-06-01,13.5,7.7,0.1,16.5,8.19
2016-06-02,13.3,7.4,0.0,19.6,10.67
2016-06-03,13.3,7.6,0.0,12.4,9.87
2016-06-04,14.2,8.5,0.0,8.7,8.99
2016-06-05,14.8,5.2,0.0,8.9,9.84
2016-06-06,15.1,5.8,0.0,19.9,7.65
2016-06-07,15.7,12.7,0.0,29.3,7.91
2016-06-08,17.0,14.1,0.0,35.1,6.64
2016-06-09,18.3,16.0,1.9,32.5,4.86
2016-06-10,19.0,14.8,2.1,26.6,5.1
2016-06-11,17.4,12.2,0.0,14.8,7.93
2016-06-12,17.4,11.5,2.0,31.8,5.94
2016-06-13,13.4,9.7,0.1,34.4,9.56
2016-06-14,16.1,11.2,0.4,19.7,7.15
2016-06-15,15.8,11.1,0.0,20.0,7.06
2016-06-16,16.1,10.0,0.1,17.2,7.24
2016-06-17,15.1,11.2,0.0,7.9,6.5
2016-06-18,14.6,10.8,0.0,18.1,5.04
2016-06-19,16.5,11.1,0.0,21.5,8.49
2016-06-20,16.9,8.8,0.0,14.6,8.82
2016-06-21,16.9,13.7,0.0,26.9,5.55
2016-06-22,17.5,15.6,9.0,28.6,2.23
2016-06-23,16.9,14.4,16.0,31.1,5.85
2016-06-24,16.3,11.1,0.0,29.3,8.03
2016-06-25,16.6,10.2,19.4,26.0,2.41
2016-06-26,15.2,11.3,4.8,30.5,7.15
2016-06-27,15.4,11.1,6.6,39.0,6.8
2016-06-28,15.5,11.2,0.9,22.7,6.95
2016-06-29,15.1,11.0,16.4,24.2,2.07
2016-06-30,14.5,10.5,5.8,20.1,6.38
2016-07-01,11.5,7.1,0.0,19.5,10.14
2016-07-02,12.2,8.1,0.0,9.7,10.22
2016-07-03,12.1,7.2,0.0,7.3,10.24
2016-07-04,14.7,6.8,1.1,8.7,9.39
2016-07-05,16.1,8.7,0.1,16.3,8.09
2016-07-06,13.8,9.2,0.0,7.5,6.75
2016-07-07,14.4,10.5,13.4,35.6,2.87
2016-07-08,15.0,13.2,14.3,32.9,4.03
2016-07-09,13.2,9.7,0.5,29.1,8.42
2016-07-10,13.4,8.8,0.0,23.4,6.99
2016-07-11,13.2,7.7,0.0,21.9,10.48
2016-07-12,13.8,4.7,0.0,10.9,9.77
2016-07-13,14.4,6.6,4.3,25.1,7.2
2016-07-14,14.1,11.9,8.7,39.5,8.59
2016-07-15,15.5,11.3,8.4,40.3,8.47
2016-07-16,13.4,9.9,1.8,34.9,9.01
2016-07-17,14.5,10.7,3.2,37.4,8.47
2016-07-18,14.3,10.6,1.3,33.7,9.14
2016-07-19,15.0,11.8,5.4,42.9,6.16
2016-07-20,14.2,12.1,0.0,41.8,9.0
2016-07-21,14.6,9.0,0.0,29.1,9.68
2016-07-22,13.9,9.7,6.5,24.1,8.85
2016-07-23,16.0,13.3,5.1,29.7,4.98
2016-07-24,17.0,12.0,8.9,41.9,9.3
2016-07-25,14.4,10.4,0.1,31.1,8.59
2016-07-26,15.7,8.8,9.2,31.3,8.91
2016-07-27,15.8,8.4,0.2,26.2,8.96
2016-07-28,14.6,11.8,6.3,40.6,4.45
2016-07-29,14.4,11.3,3.8,45.8,9.82
2016-07-30,14.8,10.8,5.8,35.5,7.7
2016-07-31,11.9,10.1,5.6,37.8,10.05
2016-08-01,14.1,10.3,3.4,26.4,8.4
2016-08-02,14.4,9.8,0.6,27.5,12.17
2016-08-03,16.1,9.8,4.4,32.1,8.35
2016-08-04,13.9,11.0,6.9,15.9,3.28
2016-08-05,13.9,9.8,0.6,25.9,10.46
2016-08-06,10.4,7.6,1.6,32.6,9.5
2016-08-07,10.8,6.8,0.2,31.8,13.3
2016-08-08,10.8,4.8,0.0,11.5,11.3
2016-08-09,11.7,5.0,1.6,18.8,11.53
2016-08-10,10.6,8.7,11.1,27.5,4.03
2016-08-11,13.0,9.7,1.8,24.3,7.63
2016-08-12,15.5,7.0,0.0,19.6,12.21
2016-08-13,15.0,9.8,4.1,18.7,9.6
2016-08-14,14.3,6.9,0.0,17.7,10.97
2016-08-15,14.0,8.5,0.0,10.7,13.29
2016-08-16,15.3,6.3,0.0,11.2,13.86
2016-08-17,14.6,5.2,0.0,12.7,13.31
2016-08-18,13.5,5.4,0.0,10.9,12.99
2016-08-19,14.0,6.6,0.0,10.5,13.73
2016-08-20,13.9,7.2,0.6,11.9,11.76
2016-08-21,14.5,6.8,0.0,17.9,12.99
2016-08-22,15.2,7.8,2.6,18.7,11.99
2016-08-23,15.1,8.8,0.0,18.4,11.69
2016-08-24,13.6,8.6,15.8,26.3,5.01
2016-08-25,16.5,12.6,28.7,30.7,2.65
2016-08-26,18.2,13.0,3.4,42.6,11.2
2016-08-27,14.3,11.6,0.7,37.2,11.45
2016-08-28,15.3,8.8,0.0,16.4,13.32
2016-08-29,12.6,7.5,2.5,28.3,4.13
2016-08-30,15.8,10.4,0.2,20.6,13.3
2016-08-31,15.6,8.0,0.0,11.3,13.87
2016-09-01,14.8,7.9,0.0,14.8,11.38
2016-09-02,16.7,9.7,0.3,22.6,13.62
2016-09-03,16.5,12.5,1.1,24.6,9.37
2016-09-04,18.3,12.5,8.5,22.1,11.69
2016-09-05,15.6,12.7,0.4,37.1,14.22
2016-09-06,15.4,10.1,0.0,30.1,15.39
2016-09-07,15.1,8.6,1.0,38.3,11.89
2016-09-08,10.5,6.7,6.9,34.5,14.35
2016-09-09,11.8,6.5,0.0,28.6,16.23
2016-09-10,14.0,8.1,0.0,27.0,15.57
2016-09-11,14.9,5.1,0.0,10.5,19.55
2016-09-12,15.0,9.4,0.0,13.2,13.32
2016-09-13,16.2,8.9,2.2,15.8,16.39
2016-09-14,16.8,10.1,1.9,16.3,16.23
2016-09-15,15.1,12.8,14.7,15.4,6.37
2016-09-16,18.3,13.7,0.2,16.0,10.76
2016-09-17,17.0,13.5,11.6,31.4,6.76
2016-09-18,16.2,12.7,5.8,33.0,12.49
2016-09-19,15.9,9.8,0.0,20.1,16.21
2016-09-20,15.0,9.7,5.3,18.4,12.31
2016-09-21,14.9,11.9,11.1,29.1,4.94
2016-09-22,15.9,10.7,0.7,17.7,11.15
2016-09-23,17.1,13.5,1.6,15.5,14.05
2016-09-24,16.1,13.6,8.3,27.4,7.36
2016-09-25,16.8,13.7,15.1,22.9,8.67
2016-09-26,16.3,13.2,1.9,24.5,12.28
2016-09-27,17.0,13.2,5.6,18.3,14.96
2016-09-28,16.4,12.6,19.8,10.3,9.43
2016-09-29,17.3,12.5,8.9,14.6,17.54
2016-09-30,16.9,11.1,5.9,18.7,17.87
2016-10-01,16.9,13.4,4.2,21.1,13.55
2016-10-02,18.3,11.8,9.9,24.9,13.85
2016-10-03,16.7,11.1,11.1,21.3,19.2
2016-10-04,17.5,11.3,4.0,22.1,16.79
2016-10-05,17.2,13.5,6.9,33.7,20.87
2016-10-06,15.6,11.4,10.1,34.5,15.33
2016-10-07,14.7,11.0,5.8,33.7,18.85
2016-10-08,16.8,12.0,0.0,26.6,23.26
2016-10-09,16.9,12.2,5.7,26.6,13.06
2016-10-10,14.2,11.3,3.5,20.2,8.69
2016-10-11,18.5,11.6,0.2,20.0,19.84
2016-10-12,18.0,11.9,0.0,27.7,13.56
2016-10-13,16.9,10.2,0.0,15.6,24.23
2016-10-14,16.6,10.5,9.2,25.9,15.15
2016-10-15,14.9,10.7,3.6,32.8,21.7
2016-10-16,16.2,11.6,0.0,30.4,17.89
2016-10-17,17.6,12.5,0.0,27.7,25.37
2016-10-18,17.0,11.8,0.0,21.0,21.96
2016-10-19,19.0,11.4,0.0,22.8,17.37
2016-10-20,19.1,13.6,2.4,19.4,16.32
2016-10-21,16.3,11.3,0.5,27.7,25.13
2016-10-22,16.2,10.5,0.0,29.8,24.12
2016-10-23,18.4,9.6,0.0,15.9,26.06
2016-10-24,18.2,11.2,0.0,22.1,19.51
2016-10-25,17.9,14.2,4.9,24.9,11.32
2016-10-26,17.7,14.1,1.5,35.1,22.0
2016-10-27,17.5,12.6,0.2,20.9,23.37
2016-10-28,17.9,11.7,0.5,22.9,22.99
2016-10-29,16.5,11.9,0.0,27.2,24.94
2016-10-30,15.5,10.0,0.0,21.6,26.26
2016-10-31,15.6,9.0,5.4,11.0,24.52
2016-11-01,17.2,9.5,0.9,16.9,23.33
2016-11-02,16.9,13.0,3.8,28.7,22.06
2016-11-03,17.5,10.9,0.0,25.3,23.12
2016-11-04,15.8,12.5,0.4,31.3,20.92
2016-11-05,17.8,12.5,1.4,25.0,23.25
2016-11-06,20.2,14.3,5.6,24.5,24.94
2016-11-07,16.8,12.7,50.5,33.6,16.76
2016-11-08,17.6,12.9,1.2,42.5,26.54
2016-11-09,19.3,13.4,0.0,25.0,28.49
2016-11-10,19.6,13.9,0.0,19.9,25.35
2016-11-11,19.5,14.1,4.3,25.2,17.63
2016-11-12,16.8,13.9,15.7,34.4,13.56
2016-11-13,16.7,12.2,0.0,27.1,21.48
2016-11-14,19.4,11.1,0.0,24.9,21.83
2016-11-15,19.6,16.5,8.4,28.5,6.49
2016-11-16,17.7,14.4,3.7,32.8,25.33
2016-11-17,15.8,12.1,9.6,33.1,26.4
2016-11-18,17.1,10.7,0.1,26.0,28.27
2016-11-19,18.7,14.2,1.0,34.8,17.75
2016-11-20,17.6,13.5,0.0,32.4,28.15
2016-11-21,17.9,12.7,0.0,26.4,30.34
2016-11-22,19.3,12.7,0.0,20.4,31.27
2016-11-23,19.8,12.6,0.0,17.3,30.24
2016-11-24,21.2,11.7,0.0,6.9,29.34
2016-11-25,19.2,16.3,11.1,28.1,9.2
2016-11-26,19.7,14.3,1.1,28.9,24.73
2016-11-27,18.7,14.3,1.5,39.3,19.21
2016-11-28,17.0,13.3,0.0,32.2,23.66
2016-11-29,17.9,13.5,0.0,24.5,18.24
2016-11-30,19.1,13.2,0.3,19.8,25.26
2016-12-01,20.5,12.2,0.0,14.8,25.14
2016-12-02,19.9,13.2,0.2,22.5,24.16
2016-12-03,20.7,11.5,0.0,17.6,23.89
2016-12-04,20.2,13.6,0.0,16.4,30.52
2016-12-05,22.3,14.1,0.5,12.5,28.8
2016-12-06,22.4,15.2,0.1,12.9,29.07
2016-12-07,21.8,16.5,1.3,24.0,22.97
2016-12-08,20.3,16.3,4.8,20.4,10.21
2016-12-09,23.5,16.3,0.7,17.6,25.79
2016-12-10,21.4,16.0,3.6,23.2,11.7
2016-12-11,18.2,14.6,1.3,37.6,26.41
2016-12-12,18.7,14.5,0.8,33.7,26.56
2016-12-13,18.9,13.6,0.0,25.7,26.85
2016-12-14,19.0,14.5,0.5,33.9,16.44
2016-12-15,21.2,15.4,0.7,31.7,20.52
2016-12-16,19.0,14.5,0.0,30.1,29.23
2016-12-17,20.8,12.4,0.0,15.8,32.32
2016-12-18,21.8,13.3,0.0,13.9,27.54
2016-12-19,21.1,14.5,1.7,27.4,16.82
2016-12-20,20.6,12.2,0.0,14.2,33.71
2016-12-21,22.5,13.4,0.0,21.1,30.94
2016-12-22,22.2,16.3,2.2,17.1,25.89
2016-12-23,18.5,14.2,3.7,36.9,27.62
2016-12-24,18.9,14.0,2.3,33.6,22.87
2016-12-25,20.2,15.8,0.0,26.0,24.25
2016-12-26,22.8,15.0,0.0,19.5,28.45
2016-12-27,19.8,13.7,0.0,24.1,21.81
2016-12-28,21.5,14.4,0.7,23.9,18.99
2016-12-29,17.5,13.7,0.8,27.5,14.04
2016-12-30,20.9,12.5,0.0,14.5,26.67
2016-12-31,21.7,13.6,0.1,11.5,26.17
2017-01-01,22.5,16.9,1.9,19.0,18.45
2017-01-02,22.8,17.3,2.5,28.8,13.35
2017-01-03,23.9,18.7,0.9,34.9,18.38
2017-01-04,18.9,15.2,0.4,35.9,21.39
2017-01-05,18.7,12.5,0.0,30.6,33.99
2017-01-06,19.3,11.9,0.0,20.9,26.61
2017-01-07,19.6,15.1,0.1,27.4,26.99
2017-01-08,19.6,15.7,0.3,30.0,22.17
2017-01-09,20.8,16.3,0.0,28.6,24.66
2017-01-10,22.4,16.6,1.2,29.0,20.46
2017-01-11,23.1,17.0,0.0,20.6,22.65
2017-01-12,23.1,16.3,0.0,23.5,27.73
2017-01-13,22.0,16.6,0.3,31.7,23.28
2017-01-14,22.2,16.5,0.0,17.4,28.13
2017-01-15,25.3,17.5,0.5,33.7,13.14
2017-01-16,20.5,16.4,0.0,30.7,30.41
2017-01-17,21.1,15.9,0.0,29.3,32.32
2017-01-18,22.5,16.5,0.0,22.7,26.73
2017-01-19,20.7,16.7,3.1,36.5,17.43
2017-01-20,19.1,13.5,0.4,34.9,28.98
2017-01-21,20.9,11.5,6.3,41.9,19.07
2017-01-22,21.0,17.4,14.2,46.4,25.7
2017-01-23,19.2,16.6,0.2,38.0,20.39
2017-01-24,20.4,15.2,0.0,21.0,27.89
2017-01-25,21.4,14.7,0.2,31.1,11.82
2017-01-26,19.8,15.9,0.0,29.0,29.39
2017-01-27,20.0,15.9,0.0,25.0,27.15
2017-01-28,21.3,15.3,0.0,22.2,30.79
2017-01-29,22.7,13.2,0.0,23.4,28.64
2017-01-30,22.4,15.8,0.0,23.7,28.67
2017-01-31,23.5,15.9,0.2,17.5,25.81
2017-02-01,23.0,15.3,0.0,19.2,20.89
2017-02-02,24.1,18.1,0.1,27.4,20.7
2017-02-03,23.1,17.0,2.5,32.4,27.54
2017-02-04,21.3,16.2,0.0,23.7,29.93
2017-02-05,22.7,16.7,0.0,21.3,28.27
2017-02-06,24.8,14.2,0.0,18.9,29.88
2017-02-07,25.7,18.1,0.0,20.3,23.96
2017-02-08,22.6,16.9,12.9,25.8,13.96
2017-02-09,20.8,15.6,3.8,21.3,19.81
2017-02-10,20.9,14.2,1.7,17.8,24.15
2017-02-11,20.7,15.8,0.1,23.2,27.6
2017-02-12,23.8,15.2,0.4,27.5,16.57
2017-02-13,25.7,20.6,0.9,41.0,18.17
2017-02-14,20.6,18.7,8.9,17.0,7.21
2017-02-15,21.4,17.1,0.4,22.6,17.19
2017-02-16,20.5,15.2,46.7,21.6,4.14
2017-02-17,22.2,18.7,10.3,23.3,14.48
2017-02-18,22.8,18.9,4.3,15.3,17.05
2017-02-19,23.5,18.9,0.8,20.7,21.69
2017-02-20,23.9,18.6,0.1,25.8,22.93
2017-02-21,23.0,16.5,0.0,20.8,23.78
2017-02-22,22.1,16.3,0.4,21.7,18.3
2017-02-23,24.4,17.7,1.2,14.9,21.79
2017-02-24,22.7,17.6,1.2,11.9,20.51
2017-02-25,22.9,17.1,0.8,18.0,22.59
2017-02-26,22.6,16.4,0.4,19.8,21.18
2017-02-27,23.6,15.4,0.3,18.6,22.86
2017-02-28,23.7,17.6,0.2,14.7,18.5
2017-03-01,23.1,17.4,0.6,11.6,19.72
2017-03-02,22.3,17.1,0.1,22.2,23.92
2017-03-03,22.1,14.5,0.0,19.2,25.38
2017-03-04,22.5,18.5,0.3,26.6,18.13
2017-03-05,21.4,17.8,0.1,21.3,22.36
2017-03-06,22.3,16.9,0.0,18.6,21.12
2017-03-07,22.3,16.7,6.9,23.5,9.94
2017-03-08,21.7,16.8,35.0,34.0,8.46
2017-03-09,21.7,17.8,6.5,35.1,11.7
2017-03-10,22.2,20.1,14.3,36.3,9.49
2017-03-11,22.7,20.2,20.4,32.7,9.82
2017-03-12,22.0,19.6,16.0,31.8,8.96
2017-03-13,21.0,17.7,0.0,24.5,20.53
2017-03-14,19.4,16.6,1.1,25.2,15.17
2017-03-15,20.8,13.2,0.0,24.7,23.2
2017-03-16,21.2,11.4,0.0,11.2,22.23
2017-03-17,21.3,14.4,0.4,12.0,17.63
2017-03-18,21.2,15.5,0.1,24.8,18.65
2017-03-19,22.1,12.9,0.0,16.8,21.42
2017-03-20,21.3,14.4,0.3,24.2,15.64
2017-03-21,21.0,17.1,0.2,29.5,13.55
2017-03-22,21.7,17.9,0.0,22.1,16.59
2017-03-23,21.5,16.2,0.4,20.1,17.34
2017-03-24,22.1,15.4,0.8,12.1,15.86
2017-03-25,21.1,17.2,0.3,19.3,12.06
2017-03-26,21.9,18.8,9.0,33.7,11.26
2017-03-27,22.3,17.9,10.5,25.0,14.4
2017-03-28,22.4,16.6,3.6,14.0,16.69
2017-03-29,20.5,18.0,58.5,24.0,4.74
2017-03-30,21.3,16.2,0.5,15.9,15.83
2017-03-31,21.4,15.3,0.0,11.4,16.41
2017-04-01,21.8,14.6,0.0,13.0,14.69
2017-04-02,22.0,18.2,1.1,18.1,10.35
2017-04-03,23.6,17.8,5.9,19.0,14.55
2017-04-04,22.5,19.8,39.3,27.0,6.58
2017-04-05,22.1,19.2,24.4,36.7,6.3
2017-04-06,19.3,16.3,0.2,30.2,14.93
2017-04-07,19.2,14.3,0.5,23.2,13.19
2017-04-08,19.4,12.0,0.0,12.8,16.75
2017-04-09,19.9,15.1,0.0,20.3,12.21
2017-04-10,21.4,15.6,0.0,20.3,16.08
2017-04-11,21.9,18.2,0.6,27.3,14.11
2017-04-12,20.3,18.6,36.7,29.5,3.13
2017-04-13,20.0,17.6,35.7,32.1,4.25
2017-04-14,20.9,16.4,1.1,21.3,13.87
2017-04-15,19.4,14.6,1.8,23.0,14.05
2017-04-16,19.4,15.2,1.1,20.9,12.93
2017-04-17,18.7,15.3,0.7,23.3,13.7
2017-04-18,19.2,12.6,0.0,16.7,15.44
2017-04-19,18.3,14.5,0.3,21.6,13.2
2017-04-20,17.9,11.7,0.3,25.3,11.72
2017-04-21,17.2,12.4,0.0,11.1,7.39
2017-04-22,19.4,13.5,0.6,9.3,9.54
2017-04-23,19.0,13.1,0.2,18.8,10.43
2017-04-24,18.4,13.2,0.0,24.6,12.85
2017-04-25,19.2,11.0,0.0,9.8,14.82
2017-04-26,19.7,13.1,0.1,8.6,13.24
2017-04-27,19.0,14.9,0.4,10.9,10.81
2017-04-28,20.4,14.4,0.6,22.1,12.16
2017-04-29,18.9,17.0,13.0,22.9,4.02
2017-04-30,18.4,14.6,2.3,34.9,9.32
2017-05-01,15.4,10.1,0.0,32.4,14.09
2017-05-02,14.9,7.5,0.0,12.5,14.16
2017-05-03,16.7,8.0,0.1,19.3,10.2
2017-05-04,16.1,14.3,13.0,33.2,9.07
2017-05-05,17.2,11.5,0.1,29.1,11.78
2017-05-06,17.4,9.9,0.0,13.4,12.47
2017-05-07,17.1,10.7,1.4,10.4,8.26
2017-05-08,17.9,11.6,0.6,9.7,9.49
2017-05-09,19.3,11.1,0.0,11.7,10.53
2017-05-10,18.8,14.4,3.0,20.7,8.57
2017-05-11,18.7,17.4,9.1,33.8,3.45
2017-05-12,18.9,14.5,37.7,39.6,2.83
2017-05-13,14.4,9.1,0.0,25.3,12.62
2017-05-14,15.4,6.5,0.0,22.9,10.84
2017-05-15,16.0,12.3,0.2,9.7,7.36
2017-05-16,16.8,12.3,4.0,27.3,5.71
2017-05-17,19.7,15.9,24.0,40.1,6.72
2017-05-18,17.8,14.5,2.6,45.1,8.91
2017-05-19,15.9,14.4,0.0,36.7,10.32
2017-05-20,15.3,12.0,0.9,42.8,7.71
2017-05-21,13.5,6.1,0.0,32.5,11.86
2017-05-22,13.0,4.6,0.0,9.7,11.64
2017-05-23,14.4,5.7,0.0,15.8,8.18
2017-05-24,17.2,11.5,1.5,16.5,8.13
2017-05-25,15.2,9.1,0.0,13.0,9.79
2017-05-26,17.9,12.4,0.6,25.5,8.15
2017-05-27,18.0,12.3,4.4,17.2,8.4
2017-05-28,16.6,11.4,1.3,10.3,7.97
2017-05-29,17.0,10.8,1.9,10.3,9.79
2017-05-30,16.7,9.9,2.3,17.7,6.96
2017-05-31,16.2,10.9,0.3,17.3,7.71
2017-06-01,15.9,10.3,0.6,15.1,7.86
2017-06-02,15.0,13.2,5.1,26.6,4.2
2017-06-03,14.7,10.5,6.4,25.7,5.72
2017-06-04,14.8,7.0,0.0,10.1,9.74
2017-06-05,14.5,9.2,6.2,11.3,7.1
2017-06-06,14.4,7.7,0.2,11.7,8.0
2017-06-07,14.8,6.8,1.3,22.2,8.42
2017-06-08,13.3,8.1,0.0,19.0,10.21
2017-06-09,13.7,6.3,0.0,12.2,10.03
2017-06-10,15.9,11.5,0.0,31.2,7.32
2017-06-11,14.5,8.5,0.0,18.2,9.95
2017-06-12,15.6,10.4,0.0,16.2,7.02
2017-06-13,16.1,12.2,0.3,29.9,7.75
2017-06-14,15.0,13.1,0.0,42.0,7.54
2017-06-15,14.6,7.1,0.0,22.7,8.52
2017-06-16,15.6,10.7,0.5,24.2,6.06
2017-06-17,14.2,7.9,0.0,10.2,8.36
2017-06-18,15.7,9.5,0.8,18.9,7.07
2017-06-19,15.4,11.5,0.1,14.6,3.31
2017-06-20,16.5,10.6,0.0,24.8,8.96
2017-06-21,15.5,13.6,0.0,35.7,6.56
2017-06-22,16.2,14.5,17.8,40.2,2.08
2017-06-23,16.4,12.2,10.2,20.1,2.29
2017-06-24,14.2,12.1,3.2,34.2,2.37
2017-06-25,15.8,11.6,3.5,20.2,6.18
2017-06-26,13.5,10.3,0.0,22.1,8.63
2017-06-27,12.9,6.5,0.0,10.1,9.66
2017-06-28,13.6,5.8,1.0,9.6,8.22
2017-06-29,14.0,7.8,1.0,9.2,9.25
2017-06-30,14.8,7.0,0.0,23.4,7.46
2017-07-01,15.8,13.9,15.3,58.2,3.13
2017-07-02,14.3,9.8,7.4,18.5,6.42
2017-07-03,14.4,10.5,3.0,17.7,7.07
2017-07-04,14.9,9.4,0.0,24.5,7.84
2017-07-05,13.5,10.3,8.6,12.1,5.19
2017-07-06,15.4,11.1,11.0,17.7,4.6
2017-07-07,15.0,9.1,5.0,17.4,6.7
2017-07-08,15.1,8.4,2.2,14.1,8.66
2017-07-09,13.8,9.3,8.9,25.0,7.59
2017-07-10,14.2,11.6,1.0,26.0,8.13
2017-07-11,14.0,9.0,1.9,16.2,7.81
2017-07-12,11.1,6.3,1.8,27.2,8.41
2017-07-13,8.9,5.4,11.7,48.4,3.98
2017-07-14,10.9,6.5,2.5,47.8,3.05
2017-07-15,13.0,6.8,0.0,21.3,10.29
2017-07-16,14.5,7.4,0.1,12.0,8.53
2017-07-17,15.0,9.2,0.0,17.7,8.71
2017-07-18,14.6,9.0,0.6,16.5,6.34
2017-07-19,15.4,8.4,0.9,18.7,7.89
2017-07-20,16.7,11.9,10.4,38.5,4.77
2017-07-21,13.4,11.0,4.6,33.2,7.13
2017-07-22,14.4,11.6,7.2,33.1,4.93
2017-07-23,15.1,8.5,0.7,20.3,5.31
2017-07-24,14.1,9.0,0.1,21.7,6.76
2017-07-25,14.4,8.6,2.0,23.2,9.25
2017-07-26,14.5,9.4,0.0,24.7,10.57
2017-07-27,14.1,9.4,6.4,21.6,6.17
2017-07-28,14.3,8.2,5.9,17.3,8.77
2017-07-29,10.4,4.5,0.0,24.5,12.51
2017-07-30,11.6,2.1,0.0,11.3,12.64
2017-07-31,12.1,4.6,0.0,10.7,11.26
2017-08-01,15.3,8.3,0.1,18.0,7.08
2017-08-02,14.3,10.5,5.9,27.8,4.88
2017-08-03,13.7,8.5,3.0,27.7,9.1
2017-08-04,12.6,5.6,0.0,12.8,12.68
2017-08-05,13.6,4.7,0.0,18.2,11.93
2017-08-06,14.4,11.8,0.4,27.8,5.14
2017-08-07,17.6,12.0,1.1,24.0,11.87
2017-08-08,16.4,12.4,6.7,33.7,7.1
2017-08-09,15.9,12.2,23.5,37.3,2.4
2017-08-10,15.6,11.4,0.2,20.4,10.82
2017-08-11,14.7,9.3,0.4,34.0,10.57
2017-08-12,17.0,12.6,0.0,31.4,8.32
2017-08-13,16.2,10.8,4.7,21.9,11.02
2017-08-14,14.4,10.5,1.8,26.9,11.11
2017-08-15,14.2,8.0,1.4,25.6,11.8
2017-08-16,15.7,9.8,0.1,25.6,10.72
2017-08-17,16.2,10.7,2.2,23.9,5.3
2017-08-18,14.3,8.7,1.7,15.5,10.09
2017-08-19,13.9,10.7,6.0,23.9,8.36
2017-08-20,14.6,10.9,0.3,27.9,11.85
2017-08-21,14.9,9.1,0.0,20.4,14.37
2017-08-22,14.5,6.1,0.9,14.0,14.04
2017-08-23,14.0,5.9,0.0,11.5,13.65
2017-08-24,14.7,7.9,0.1,14.3,14.81
2017-08-25,15.4,9.1,0.0,19.1,15.69
2017-08-26,15.2,10.7,1.0,24.6,13.03
2017-08-27,15.1,12.9,4.0,45.1,7.88
2017-08-28,16.0,11.8,42.1,45.8,4.78
2017-08-29,16.9,9.5,0.0,13.0,14.71
2017-08-30,15.6,9.3,6.6,22.7,6.84
2017-08-31,15.9,9.6,0.9,11.3,12.6
2017-09-01,15.3,9.2,0.5,15.5,12.73
2017-09-02,14.8,11.4,13.8,24.2,11.55
2017-09-03,14.2,10.2,0.2,24.5,11.54
2017-09-04,14.9,10.4,0.2,19.8,15.97
2017-09-05,16.4,9.4,3.3,22.0,14.31
2017-09-06,16.0,12.9,8.7,28.6,8.15
2017-09-07,15.6,11.6,3.2,36.9,15.09
2017-09-08,15.4,11.9,0.6,27.8,14.35
2017-09-09,12.7,9.1,6.8,39.2,12.25
2017-09-10,12.7,8.9,5.0,39.7,14.33
2017-09-11,12.3,9.5,6.7,34.1,13.86
2017-09-12,13.7,10.8,1.3,36.3,11.78
2017-09-13,15.3,11.4,0.3,26.0,15.2
2017-09-14,17.9,12.1,1.3,32.0,13.81
2017-09-15,18.7,11.7,3.7,37.7,17.83
2017-09-16,15.2,12.0,2.7,32.9,17.2
2017-09-17,16.7,9.7,6.0,40.9,14.71
2017-09-18,12.7,10.1,3.7,33.0,16.72
2017-09-19,14.2,9.5,2.6,21.5,20.33
2017-09-20,16.5,8.2,0.2,12.6,19.43
2017-09-21,15.6,10.3,1.8,19.9,15.74
2017-09-22,14.5,10.6,3.2,30.1,13.41
2017-09-23,15.7,11.8,0.0,26.0,19.71
2017-09-24,16.9,11.2,0.4,20.4,14.59
2017-09-25,18.5,12.3,0.6,29.1,18.2
2017-09-26,18.8,13.7,16.5,47.9,9.9
2017-09-27,17.1,12.2,4.5,18.5,13.72
2017-09-28,16.7,11.1,2.3,26.0,19.07
2017-09-29,16.2,10.1,1.1,15.5,11.43
2017-09-30,16.1,11.6,1.9,26.3,18.61
2017-10-01,13.6,11.0,17.8,38.0,13.17
2017-10-02,15.9,11.1,3.9,48.8,18.68
2017-10-03,16.2,13.0,0.0,26.5,17.02
2017-10-04,16.0,12.7,0.0,24.4,18.5
2017-10-05,16.2,12.6,0.3,28.0,13.85
2017-10-06,17.2,11.2,0.8,9.4,16.44
2017-10-07,16.5,12.6,6.2,35.0,10.91
2017-10-08,18.2,13.2,19.7,35.9,15.46
2017-10-09,17.4,12.2,1.1,18.1,18.31
2017-10-10,17.7,11.9,0.8,22.6,17.59
2017-10-11,15.8,13.5,0.3,37.4,21.05
2017-10-12,15.8,11.2,0.0,26.8,19.06
2017-10-13,16.7,11.3,0.1,24.2,13.72
2017-10-14,18.1,12.5,0.0,22.7,18.27
2017-10-15,15.4,12.1,0.1,33.1,22.71
2017-10-16,16.1,13.0,0.1,32.9,19.33
2017-10-17,15.2,12.8,0.4,34.1,20.27
2017-10-18,15.9,11.9,0.6,31.1,17.0
2017-10-19,15.2,7.8,0.0,20.3,27.07
2017-10-20,16.6,13.2,0.4,24.0,16.48
2017-10-21,15.7,13.3,0.0,31.9,16.07
2017-10-22,16.9,12.5,1.0,30.0,9.8
2017-10-23,17.8,12.1,20.3,20.6,7.19
2017-10-24,17.0,12.8,0.3,25.5,22.54
2017-10-25,16.1,13.3,0.3,26.8,18.1
2017-10-26,17.4,13.9,1.1,26.4,16.73
2017-10-27,19.0,13.2,6.6,22.5,12.4
2017-10-28,17.1,15.0,6.6,14.1,6.58
2017-10-29,19.0,14.9,0.8,22.1,22.37
2017-10-30,18.3,14.8,1.2,25.5,20.76
2017-10-31,18.8,14.4,0.3,26.4,23.53
2017-11-01,18.2,14.7,0.3,31.4,22.24
2017-11-02,18.9,15.0,1.1,32.9,22.71
2017-11-03,18.6,16.0,6.9,36.5,14.57
2017-11-04,19.5,13.9,16.9,21.0,8.82
2017-11-05,20.4,13.5,1.9,18.1,23.09
2017-11-06,16.6,11.5,0.0,25.3,26.65
2017-11-07,17.4,11.8,0.0,36.2,26.01
2017-11-08,17.8,13.6,7.4,40.5,17.06
2017-11-09,17.0,11.4,0.0,21.4,25.03
2017-11-10,17.3,11.9,0.0,23.4,16.14
2017-11-11,17.7,12.7,0.0,24.8,17.52
2017-11-12,16.9,11.7,0.0,28.7,26.17
2017-11-13,17.4,10.3,0.3,16.3,21.57
2017-11-14,16.8,11.8,1.4,12.6,23.87
2017-11-15,17.7,12.7,3.8,17.5,23.84
2017-11-16,18.6,12.1,0.4,19.5,25.55
2017-11-17,20.6,11.9,0.1,29.7,26.9
2017-11-18,19.9,12.7,7.3,28.4,13.44
2017-11-19,18.3,12.9,2.1,29.3,17.67
2017-11-20,21.8,14.7,0.4,19.1,23.06
2017-11-21,21.1,14.3,0.0,15.0,27.4
2017-11-22,19.6,15.1,0.1,17.7,25.12
2017-11-23,21.8,14.3,0.0,16.4,26.76
2017-11-24,21.8,14.7,0.0,22.7,26.3
2017-11-25,20.1,16.2,0.0,14.8,16.26
2017-11-26,19.6,16.1,0.3,16.1,17.45
2017-11-27,21.2,15.3,0.0,17.8,27.45
2017-11-28,20.1,15.5,0.0,13.0,18.14
2017-11-29,21.4,15.6,2.1,12.4,20.55
2017-11-30,21.6,17.2,5.7,8.0,23.72
2017-12-01,21.0,16.3,0.6,16.6,23.49
2017-12-02,21.2,14.4,0.2,16.8,27.98
2017-12-03,22.9,15.8,0.1,7.6,29.79
2017-12-04,24.0,13.7,0.0,19.5,30.82
2017-12-05,23.2,16.5,0.6,14.3,23.31
2017-12-06,23.3,17.4,0.0,16.9,30.98
2017-12-07,22.9,16.6,0.0,22.8,31.22
2017-12-08,22.9,17.6,0.3,23.1,26.31
2017-12-09,22.2,17.6,0.1,22.9,27.3
2017-12-10,22.6,17.0,2.0,18.7,18.87
2017-12-11,23.5,17.4,1.1,15.4,27.31
2017-12-12,22.8,17.6,1.7,23.4,31.74
2017-12-13,22.4,18.0,0.3,27.5,28.44
2017-12-14,23.6,15.9,2.3,21.6,27.17
2017-12-15,22.6,14.9,1.7,16.1,24.17
2017-12-16,23.4,18.2,2.1,23.6,24.86
2017-12-17,24.4,17.7,1.4,14.9,26.89
2017-12-18,23.2,17.9,3.5,21.7,24.26
2017-12-19,22.0,16.9,1.2,26.9,31.11
2017-12-20,20.7,17.4,1.0,38.5,28.14
2017-12-21,22.0,16.6,0.0,25.2,32.74
2017-12-22,23.7,18.6,0.3,20.0,20.68
2017-12-23,22.7,19.0,0.1,26.5,23.7
2017-12-24,22.6,18.0,0.0,21.4,24.88
2017-12-25,22.8,17.3,0.9,21.5,25.32
2017-12-26,23.1,17.6,2.5,27.3,21.09
2017-12-27,21.4,15.9,1.3,33.0,28.07
2017-12-28,19.2,13.7,0.0,36.3,32.13
2017-12-29,21.7,15.0,0.0,33.4,31.17
2017-12-30,22.7,16.0,0.6,21.2,29.38
2017-12-31,23.6,15.5,0.0,15.9,23.85
2018-01-01,22.9,18.7,17.5,14.7,12.18
2018-01-02,22.8,17.9,7.1,17.2,22.06
2018-01-03,23.1,18.1,2.1,23.9,20.3
2018-01-04,21.9,20.2,35.0,53.9,4.13
2018-01-05,22.1,19.6,12.6,51.5,9.89
2018-01-06,22.2,18.1,0.6,34.3,26.2
2018-01-07,21.3,17.7,0.3,24.9,30.9
2018-01-08,22.0,17.5,0.0,22.0,31.28
2018-01-09,23.3,16.2,0.0,18.0,31.13
2018-01-10,23.5,18.3,0.0,18.1,28.03
2018-01-11,24.9,18.4,0.0,13.8,26.23
2018-01-12,25.9,18.3,0.0,13.2,28.39
2018-01-13,24.5,20.0,0.7,21.1,27.29
2018-01-14,24.1,19.8,0.7,22.4,26.79
2018-01-15,24.1,20.1,0.9,27.8,25.89
2018-01-16,24.0,20.1,0.9,39.0,24.31
2018-01-17,23.1,20.2,2.0,45.7,19.63
2018-01-18,21.9,20.6,10.3,39.5,8.31
2018-01-19,24.0,20.6,13.3,32.3,18.75
2018-01-20,24.4,20.5,0.4,18.1,23.93
2018-01-21,24.1,20.5,1.1,19.4,22.29
2018-01-22,24.1,20.4,8.7,20.3,12.11
2018-01-23,24.5,19.7,4.3,13.9,21.04
2018-01-24,24.8,19.9,0.0,19.6,26.96
2018-01-25,24.8,20.1,0.0,18.5,23.36
2018-01-26,25.8,20.3,0.3,7.7,23.63
2018-01-27,26.4,19.9,1.8,9.2,25.67
2018-01-28,26.9,20.4,0.6,18.9,27.07
2018-01-29,26.2,19.7,0.3,20.9,25.95
2018-01-30,24.9,20.3,0.1,26.0,26.17
2018-01-31,24.8,20.9,0.0,38.2,25.02
2018-02-01,23.5,21.3,16.0,51.5,8.47
2018-02-02,21.5,18.9,0.7,28.0,23.18
2018-02-03,20.6,17.3,13.4,31.0,13.23
2018-02-04,21.0,16.5,11.7,17.1,12.67
2018-02-05,23.0,17.0,11.9,15.3,22.48
2018-02-06,21.7,18.2,0.4,23.8,24.14
2018-02-07,22.5,16.9,0.7,27.8,20.9
2018-02-08,20.7,16.0,4.7,26.0,14.24
2018-02-09,21.8,16.3,25.2,24.8,7.94
2018-02-10,23.0,20.0,13.0,31.0,6.66
2018-02-11,23.2,21.2,34.5,35.6,5.5
2018-02-12,24.9,21.1,4.5,21.7,18.57
2018-02-13,23.3,21.1,28.4,27.7,8.68
2018-02-14,23.8,19.8,13.9,19.9,14.91
2018-02-15,23.9,17.3,0.0,16.8,27.78
2018-02-16,25.6,16.6,0.0,13.7,27.58
2018-02-17,24.6,20.4,0.7,18.4,17.74
2018-02-18,24.4,19.9,1.4,14.3,16.02
2018-02-19,24.6,21.4,3.8,20.7,13.93
2018-02-20,24.7,21.4,2.1,47.5,19.57
2018-02-21,22.5,18.7,0.8,24.1,21.72
2018-02-22,21.0,17.1,3.2,26.8,19.54
2018-02-23,21.2,15.7,0.1,24.3,22.41
2018-02-24,22.5,16.2,0.0,20.4,23.56
2018-02-25,22.9,15.6,0.0,14.5,22.17
2018-02-26,22.8,17.7,0.1,20.9,22.64
2018-02-27,22.6,19.9,7.5,30.1,10.34
2018-02-28,22.3,19.8,4.7,34.8,12.7
2018-03-01,22.2,19.8,1.6,29.7,11.51
2018-03-02,22.8,20.3,4.8,31.3,9.73
2018-03-03,23.8,19.7,1.1,31.7,21.02
2018-03-04,23.8,18.8,0.5,24.9,14.44
2018-03-05,25.7,17.7,0.0,18.0,22.13
2018-03-06,24.6,18.2,1.9,8.1,18.68
2018-03-07,22.5,18.0,8.4,20.5,13.38
2018-03-08,21.5,17.4,6.2,22.9,16.72
2018-03-09,23.6,16.9,1.0,16.4,20.6
2018-03-10,22.0,13.9,0.6,11.2,22.84
2018-03-11,21.2,16.4,0.6,19.6,16.22
2018-03-12,18.6,15.1,19.2,33.8,3.13
2018-03-13,21.6,17.9,0.0,37.7,17.59
2018-03-14,20.5,16.8,0.2,28.9,20.85
2018-03-15,20.8,15.3,0.2,11.9,12.95
2018-03-16,22.0,16.5,0.3,12.9,16.5
2018-03-17,21.8,16.4,0.3,26.4,15.04
2018-03-18,21.3,15.8,0.0,25.3,17.88
2018-03-19,21.8,16.8,0.4,26.1,17.78
2018-03-20,22.5,16.7,0.2,20.1,16.98
2018-03-21,22.0,15.7,0.5,11.9,18.0
2018-03-22,21.7,15.0,0.0,11.8,18.4
2018-03-23,20.1,17.4,17.8,24.7,13.92
2018-03-24,21.2,16.9,14.9,19.2,13.56
2018-03-25,21.8,16.1,2.5,14.3,17.99
2018-03-26,22.1,16.3,0.7,18.4,15.96
2018-03-27,22.3,18.0,0.0,20.4,20.04
2018-03-28,21.4,16.3,1.0,17.0,12.43
2018-03-29,22.8,16.6,0.1,12.7,15.3
2018-03-30,22.0,15.1,1.6,16.1,16.44
2018-03-31,21.8,15.8,0.0,19.8,17.03
2018-04-01,20.6,14.7,0.1,21.0,17.15
2018-04-02,20.3,15.1,0.0,15.1,17.7
2018-04-03,22.1,13.7,0.0,17.3,17.51
2018-04-04,22.1,17.0,0.8,20.2,14.88
2018-04-05,20.9,14.5,0.0,28.0,15.58
2018-04-06,20.8,13.8,0.3,16.6,11.9
2018-04-07,21.4,15.3,0.0,26.0,13.67
2018-04-08,20.2,14.7,0.4,24.0,15.7
2018-04-09,21.0,14.0,1.5,21.3,13.44
2018-04-10,19.5,13.1,5.5,56.4,9.36
2018-04-11,13.0,10.6,4.6,61.0,13.15
2018-04-12,17.6,10.9,8.6,38.8,12.06
2018-04-13,18.7,15.7,3.5,42.4,12.79
2018-04-14,20.2,16.0,22.9,30.3,5.03
2018-04-15,20.3,15.8,9.9,12.1,6.66
2018-04-16,21.0,17.3,9.1,33.2,11.41
2018-04-17,22.3,16.5,1.0,26.1,13.31
2018-04-18,17.9,14.5,1.1,36.3,13.0
2018-04-19,17.7,14.1,0.0,19.7,10.76
2018-04-20,18.4,13.8,0.1,24.1,11.68
2018-04-21,19.0,15.9,1.1,27.5,11.39
2018-04-22,18.1,13.0,0.0,26.8,11.12
2018-04-23,16.9,12.8,0.6,17.4,7.43
2018-04-24,17.2,13.7,0.9,16.4,8.74
2018-04-25,18.4,12.6,0.0,19.4,12.68
2018-04-26,18.7,13.6,0.0,10.5,11.51
2018-04-27,19.0,13.7,0.1,29.3,9.27
2018-04-28,18.5,16.4,29.2,45.1,2.06
2018-04-29,19.5,17.2,4.7,34.4,9.53
2018-04-30,19.6,16.2,3.0,24.8,5.86
2018-05-01,19.7,16.0,1.1,21.3,10.15
2018-05-02,19.4,12.3,0.0,19.8,12.28
2018-05-03,16.3,8.8,0.0,12.4,13.97
2018-05-04,17.9,11.7,0.0,6.5,12.41
2018-05-05,17.9,13.6,0.1,13.7,7.84
2018-05-06,18.3,14.9,0.4,17.8,8.63
2018-05-07,17.4,15.0,0.0,31.3,13.2
2018-05-08,18.2,14.3,0.0,23.8,11.92
2018-05-09,18.9,13.6,0.0,22.8,10.48
2018-05-10,18.6,12.4,0.0,17.6,9.18
2018-05-11,19.7,16.0,5.7,25.1,5.71
2018-05-12,19.2,14.4,5.4,21.3,3.01
2018-05-13,21.2,17.3,30.1,26.7,10.07
2018-05-14,20.6,14.2,0.9,12.2,8.69
2018-05-15,19.1,15.9,1.1,20.9,9.08
2018-05-16,18.5,15.3,1.6,32.1,8.71
2018-05-17,15.7,13.5,0.7,26.2,8.18
2018-05-18,17.2,12.8,0.0,19.3,10.09
2018-05-19,17.1,12.8,4.8,25.5,6.98
2018-05-20,17.5,11.1,0.4,18.8,10.16
2018-05-21,17.9,13.6,1.1,23.8,9.1
2018-05-22,17.4,13.4,2.8,28.0,7.99
2018-05-23,15.4,10.3,5.1,30.4,7.87
2018-05-24,16.4,12.0,1.0,31.6,7.98
2018-05-25,15.1,10.3,6.2,30.0,7.16
2018-05-26,14.3,8.7,2.5,33.5,10.0
2018-05-27,14.9,11.3,2.4,31.0,4.97
2018-05-28,11.4,7.8,0.7,23.5,6.03
2018-05-29,12.6,6.6,0.0,19.5,10.74
2018-05-30,12.3,4.9,0.0,19.7,10.53
2018-05-31,13.2,4.6,0.0,13.3,10.56
2018-06-01,15.0,5.8,0.0,16.1,9.86
2018-06-02,15.7,13.3,3.1,34.2,3.62
2018-06-03,16.0,12.7,14.7,34.8,2.78
2018-06-04,16.0,13.9,24.5,30.3,3.16
2018-06-05,15.8,13.3,2.6,40.1,7.8
2018-06-06,14.1,7.8,7.2,33.6,6.38
2018-06-07,12.3,7.1,0.1,34.1,9.96
2018-06-08,14.8,8.9,0.0,23.6,10.04
2018-06-09,15.1,7.8,0.1,10.1,8.33
2018-06-10,14.6,8.6,0.0,13.6,5.09
2018-06-11,12.6,9.2,8.6,29.8,2.18
2018-06-12,14.7,12.8,33.6,38.4,3.17
2018-06-13,15.7,12.3,0.2,25.2,7.75
2018-06-14,16.0,11.1,0.0,22.2,8.11
2018-06-15,16.9,9.6,0.3,14.3,7.38
2018-06-16,17.3,13.2,1.9,17.9,8.3
2018-06-17,16.5,10.1,0.0,18.5,8.57
2018-06-18,16.7,11.4,1.4,32.2,6.53
2018-06-19,16.3,11.9,6.6,18.2,7.21
2018-06-20,12.7,11.2,14.3,28.3,2.91
2018-06-21,13.4,8.7,2.7,28.6,4.67
2018-06-22,12.6,4.3,0.0,19.0,9.5
2018-06-23,14.4,7.7,0.6,14.0,7.56
2018-06-24,15.2,10.9,0.7,21.1,7.33
2018-06-25,13.0,9.3,7.5,33.0,5.16
2018-06-26,11.6,7.1,9.0,40.2,5.59
2018-06-27,13.0,5.5,0.0,15.3,9.84
2018-06-28,13.1,7.3,0.3,11.0,5.94
2018-06-29,11.0,6.4,0.0,12.0,9.32
2018-06-30,12.4,5.9,0.0,10.6,8.86
2018-07-01,13.8,7.7,10.7,28.4,5.25
2018-07-02,14.7,10.9,0.3,26.1,7.87
2018-07-03,12.6,6.3,0.1,21.7,10.02
2018-07-04,13.1,2.7,0.0,25.2,8.85
2018-07-05,12.7,7.5,0.0,14.2,5.73
2018-07-06,13.2,6.2,0.0,10.0,9.23
2018-07-07,14.9,8.1,0.0,22.9,7.26
2018-07-08,15.9,10.6,8.0,36.4,4.69
2018-07-09,15.3,11.6,6.3,38.5,6.71
2018-07-10,13.5,9.4,2.7,30.2,7.75
2018-07-11,13.9,9.8,0.8,18.8,7.88
2018-07-12,14.7,8.9,0.0,14.1,8.98
2018-07-13,13.4,6.9,0.5,14.0,7.79
2018-07-14,15.0,11.6,1.6,35.8,7.59
2018-07-15,14.5,11.5,63.0,48.2,1.68
2018-07-16,15.3,9.8,0.4,18.4,8.99
2018-07-17,15.1,10.0,0.2,17.4,9.32
2018-07-18,14.0,8.4,2.9,12.1,5.24
2018-07-19,14.8,9.0,4.1,15.8,7.12
2018-07-20,14.5,7.4,0.3,13.4,9.35
2018-07-21,15.0,7.4,0.5,22.1,7.4
2018-07-22,14.9,10.3,10.0,25.4,6.09
2018-07-23,13.6,9.1,0.2,13.1,8.81
2018-07-24,12.5,6.0,0.1,11.3,8.94
2018-07-25,13.4,7.0,0.6,20.0,8.65
2018-07-26,15.6,9.3,0.3,27.0,9.71
2018-07-27,14.3,8.3,0.8,21.7,8.62
2018-07-28,14.8,10.5,1.4,25.9,9.12
2018-07-29,15.1,10.3,0.8,29.5,10.1
2018-07-30,13.5,8.1,0.0,23.6,11.35
2018-07-31,14.8,8.8,0.0,18.6,7.16
2018-08-01,15.5,10.0,3.3,10.3,7.77
2018-08-02,13.7,7.7,0.1,14.1,9.64
2018-08-03,14.0,9.0,2.1,12.7,8.17
2018-08-04,13.9,6.9,0.0,17.8,12.53
2018-08-05,13.7,9.2,1.4,23.6,6.17
2018-08-06,14.6,7.6,0.1,17.2,10.62
2018-08-07,15.4,9.8,0.0,14.0,12.24
2018-08-08,15.2,11.0,6.3,23.2,4.78
2018-08-09,15.1,10.9,0.0,25.4,12.05
2018-08-10,15.3,8.3,0.0,16.9,11.79
2018-08-11,15.5,8.0,0.1,15.2,11.74
2018-08-12,14.9,5.8,0.0,9.8,13.78
2018-08-13,14.1,7.9,11.0,30.1,6.97
2018-08-14,13.9,10.9,2.4,38.2,10.64
2018-08-15,14.0,11.1,1.6,41.1,10.9
2018-08-16,16.0,11.8,0.0,23.5,10.97
2018-08-17,14.2,10.6,6.7,24.5,9.18
2018-08-18,13.7,7.5,1.2,27.7,12.5
2018-08-19,13.9,9.1,0.7,13.6,10.85
2018-08-20,16.1,11.8,8.8,23.0,7.84
2018-08-21,13.4,10.1,6.7,27.9,10.22
2018-08-22,13.6,10.2,6.0,31.7,7.78
2018-08-23,13.5,8.0,2.5,31.3,13.14
2018-08-24,13.3,9.4,1.3,27.9,14.46
2018-08-25,14.2,10.4,0.6,34.9,11.93
2018-08-26,14.5,9.9,0.0,20.9,11.9
2018-08-27,14.7,8.5,0.0,10.9,14.62
2018-08-28,15.6,8.2,2.0,30.0,12.26
2018-08-29,16.8,10.0,16.9,37.4,9.8
2018-08-30,15.0,9.3,0.0,21.4,13.02
2018-08-31,15.1,8.3,5.9,15.0,12.36
2018-09-01,15.4,8.0,0.9,16.6,13.23
2018-09-02,15.8,12.3,11.2,37.2,12.54
2018-09-03,13.7,8.4,3.0,19.7,9.82
2018-09-04,12.8,5.7,0.2,22.9,12.47
2018-09-05,13.9,8.2,2.8,22.6,12.88
2018-09-06,12.3,9.5,5.0,25.9,5.53
2018-09-07,14.7,9.3,0.7,34.5,12.4
2018-09-08,16.0,9.3,0.0,29.3,18.45
2018-09-09,13.5,10.4,0.1,33.7,13.55
2018-09-10,13.3,10.4,1.8,17.9,8.35
2018-09-11,16.5,8.8,1.6,18.0,15.07
2018-09-12,16.3,8.5,0.0,19.1,16.35
2018-09-13,14.4,8.7,0.0,23.6,17.51
2018-09-14,15.2,11.8,0.0,25.6,17.3
2018-09-15,17.9,10.7,0.0,16.5,18.1
2018-09-16,16.2,12.6,1.0,23.7,13.19
2018-09-17,16.8,13.3,0.4,27.9,16.24
2018-09-18,16.8,14.4,14.4,23.5,6.16
2018-09-19,17.3,14.2,1.7,25.4,8.25
2018-09-20,18.7,12.6,0.2,21.2,16.68
2018-09-21,15.7,12.5,2.1,13.7,10.98
2018-09-22,16.7,11.2,4.1,17.9,11.47
2018-09-23,15.2,8.8,0.0,26.8,20.58
2018-09-24,15.6,11.1,2.3,27.9,15.13
2018-09-25,12.4,9.6,2.9,45.6,19.43
2018-09-26,14.2,12.1,0.3,36.6,16.07
2018-09-27,14.8,9.4,0.6,21.8,16.84
2018-09-28,14.3,8.3,0.8,22.3,18.69
2018-09-29,15.1,8.1,0.4,18.9,20.15
2018-09-30,16.4,6.5,0.0,15.1,21.09
2018-10-01,17.0,11.3,1.3,22.8,10.51
2018-10-02,16.7,10.2,3.1,15.5,21.11
2018-10-03,16.2,10.9,0.5,15.8,16.11
2018-10-04,16.5,10.8,0.5,15.1,13.73
2018-10-05,17.6,10.0,0.0,20.1,22.55
2018-10-06,18.2,10.3,0.0,21.8,21.55
2018-10-07,17.2,11.2,0.1,22.4,18.57
2018-10-08,16.9,9.7,0.2,16.7,22.37
2018-10-09,15.6,9.6,0.0,20.8,21.32
2018-10-10,16.2,9.5,0.0,18.5,17.76
2018-10-11,17.2,10.3,15.8,30.1,14.11
2018-10-12,15.4,11.4,7.9,40.3,13.44
2018-10-13,13.4,8.1,0.6,34.0,21.64
2018-10-14,15.0,7.8,0.1,29.8,20.38
2018-10-15,17.8,8.7,0.0,22.1,25.28
2018-10-16,15.4,8.4,0.0,20.4,19.22
2018-10-17,15.1,11.8,0.3,32.1,17.59
2018-10-18,16.1,11.6,0.3,30.5,15.88
2018-10-19,18.5,10.1,0.0,19.7,26.52
2018-10-20,19.4,8.9,0.0,16.8,25.18
2018-10-21,19.4,11.2,0.5,17.6,20.85
2018-10-22,19.5,10.5,0.0,14.5,21.1
2018-10-23,19.9,10.4,0.0,18.9,25.01
2018-10-24,18.7,11.9,0.1,15.6,19.72
2018-10-25,18.7,11.8,0.7,20.3,20.16
2018-10-26,17.1,11.0,1.5,24.9,27.06
2018-10-27,18.8,10.2,12.7,32.3,19.76
2018-10-28,18.4,11.3,3.0,17.7,21.11
2018-10-29,16.9,12.9,4.7,29.2,21.3
2018-10-30,15.4,13.1,4.2,30.0,21.19
2018-10-31,17.6,11.3,0.9,22.8,26.9
2018-11-01,15.1,11.7,1.7,50.8,21.83
2018-11-02,16.4,11.5,0.0,30.0,28.56
2018-11-03,18.2,13.2,0.2,33.8,12.29
2018-11-04,17.1,14.4,3.9,36.3,23.28
2018-11-05,17.2,13.6,0.2,33.1,22.8
2018-11-06,18.7,11.7,0.0,17.3,26.36
2018-11-07,19.5,10.8,0.0,17.8,25.58
2018-11-08,21.3,15.5,1.8,16.1,15.62
2018-11-09,20.4,14.5,8.1,25.8,18.29
2018-11-10,16.9,12.9,1.5,26.2,30.33
2018-11-11,18.4,11.9,4.8,21.1,13.78
2018-11-12,18.6,13.6,5.9,24.7,16.6
2018-11-13,19.2,13.3,0.0,18.5,29.29
2018-11-14,19.8,11.8,1.1,25.1,24.14
2018-11-15,19.9,13.0,0.0,22.0,28.48
2018-11-16,20.3,13.6,0.0,14.4,27.22
2018-11-17,19.7,11.6,0.7,8.2,21.47
2018-11-18,20.0,14.2,0.7,15.8,19.76
2018-11-19,15.8,11.8,3.3,28.7,17.75
2018-11-20,15.3,10.6,8.0,18.4,22.42
2018-11-21,16.5,10.4,11.1,24.3,16.21
2018-11-22,17.4,11.4,2.0,20.6,27.59
2018-11-23,19.4,11.9,0.0,19.2,31.04
2018-11-24,19.0,16.0,18.9,31.1,15.03
2018-11-25,19.9,15.8,24.7,25.2,16.14
2018-11-26,20.1,14.5,2.8,14.6,24.13
2018-11-27,21.0,15.3,3.0,13.0,21.85
2018-11-28,20.4,15.9,0.0,23.7,22.45
2018-11-29,21.1,14.1,0.3,15.4,26.91
2018-11-30,19.9,17.3,3.4,35.8,19.79
2018-12-01,19.5,17.1,11.3,42.0,16.53
2018-12-02,20.3,17.3,2.1,25.4,25.41
2018-12-03,20.5,16.9,18.2,25.0,19.17
2018-12-04,20.4,16.3,1.7,28.2,24.09
2018-12-05,19.2,15.2,1.2,28.6,25.33
2018-12-06,17.3,13.4,3.7,33.8,25.9
2018-12-07,18.0,10.8,0.0,28.7,31.62
2018-12-08,18.9,14.7,0.0,26.7,31.69
2018-12-09,19.7,15.7,0.0,27.6,30.83
2018-12-10,20.0,15.5,0.0,31.7,24.88
2018-12-11,21.5,15.6,0.2,19.5,25.82
2018-12-12,21.0,16.2,3.8,12.2,20.93
2018-12-13,21.1,15.7,8.7,15.5,21.84
2018-12-14,21.5,16.0,13.1,19.8,26.42
2018-12-15,20.6,16.8,5.2,17.4,24.18
2018-12-16,23.5,15.5,2.3,13.7,27.66
2018-12-17,22.7,17.9,0.6,12.9,26.31
2018-12-18,22.8,16.6,0.0,21.6,31.15
2018-12-19,22.3,17.8,1.1,23.3,23.96
2018-12-20,21.2,16.6,4.1,25.1,26.26
2018-12-21,20.4,16.8,3.3,31.0,23.09
2018-12-22,20.9,16.6,3.5,16.9,25.05
2018-12-23,21.1,16.9,19.6,23.9,12.64
2018-12-24,21.1,19.1,26.7,34.5,7.17
2018-12-25,20.6,17.4,13.0,36.3,16.93
2018-12-26,20.6,16.9,0.2,37.5,26.76
2018-12-27,20.1,16.2,0.0,23.8,31.62
2018-12-28,21.8,16.1,0.0,25.2,32.4
2018-12-29,22.1,14.8,0.5,17.7,24.31
2018-12-30,22.2,16.2,0.0,16.8,30.08
2018-12-31,22.0,16.6,0.3,24.5,23.6
2019-01-01,22.4,17.7,1.1,23.7,23.36
2019-01-02,22.2,18.0,0.3,22.0,28.71
2019-01-03,23.4,17.9,0.6,29.1,24.9
2019-01-04,21.6,18.1,0.0,36.7,28.8
2019-01-05,23.1,16.7,0.2,19.4,29.72
2019-01-06,22.8,17.7,0.0,25.5,31.38
2019-01-07,23.7,18.6,0.0,22.7,31.25
2019-01-08,23.0,18.7,0.0,21.3,30.5
2019-01-09,23.4,16.3,0.0,18.4,28.34
2019-01-10,24.3,19.2,0.5,17.9,26.99
2019-01-11,25.3,19.7,0.1,18.7,26.39
2019-01-12,24.7,18.4,0.2,20.5,31.13
2019-01-13,24.7,18.3,3.2,17.9,19.02
2019-01-14,20.4,15.0,21.7,26.7,19.1
2019-01-15,20.4,14.5,3.7,28.4,22.29
2019-01-16,22.4,17.3,0.0,31.5,29.58
2019-01-17,22.2,18.9,0.0,30.3,29.52
2019-01-18,23.0,18.4,1.7,25.0,20.52
2019-01-19,23.4,18.1,0.0,19.1,28.75
2019-01-20,22.3,18.8,0.7,30.2,26.53
2019-01-21,22.6,18.4,0.0,35.6,26.59
2019-01-22,22.2,18.6,0.0,35.0,24.79
2019-01-23,23.1,18.6,0.0,25.7,26.8
2019-01-24,21.8,17.7,1.1,24.8,25.97
2019-01-25,22.0,15.5,0.5,19.9,25.01
2019-01-26,22.1,14.6,0.0,20.4,25.24
2019-01-27,22.8,17.0,0.0,28.2,23.55
2019-01-28,24.0,20.2,0.3,31.8,23.88
2019-01-29,27.7,19.3,0.0,26.6,27.82
2019-01-30,26.1,20.1,0.0,19.9,27.55
2019-01-31,24.2,18.7,0.0,20.5,27.94
2019-02-01,24.5,18.1,0.2,15.3,23.2
2019-02-02,23.7,18.7,0.7,19.2,24.65
2019-02-03,23.9,18.8,0.3,20.9,21.07
2019-02-04,24.4,16.3,0.0,19.4,29.17
2019-02-05,25.3,17.6,0.1,16.5,25.13
2019-02-06,25.4,17.8,2.5,25.0,26.99
2019-02-07,21.8,18.1,2.2,20.2,19.69
2019-02-08,23.1,16.2,0.6,21.8,24.48
2019-02-09,23.7,17.8,1.3,23.7,23.27
2019-02-10,25.0,16.4,0.0,27.5,27.86
2019-02-11,25.4,17.9,0.0,20.6,28.42
2019-02-12,25.3,16.5,0.0,22.4,24.45
2019-02-13,25.1,18.8,0.0,20.6,27.39
2019-02-14,26.3,16.1,0.0,12.8,26.73
2019-02-15,26.0,17.5,0.0,31.0,25.08
2019-02-16,23.4,18.4,0.0,34.8,25.14
2019-02-17,24.5,18.6,1.4,23.5,20.8
2019-02-18,23.5,17.0,0.2,21.4,22.41
2019-02-19,24.2,17.7,0.0,10.8,25.63
2019-02-20,24.4,18.5,0.3,17.2,16.31
2019-02-21,24.5,21.3,1.1,26.1,14.87
2019-02-22,23.1,19.6,9.6,24.6,9.17
2019-02-23,21.2,17.7,6.1,26.3,10.42
2019-02-24,21.0,15.7,1.8,28.5,20.62
2019-02-25,21.9,14.2,0.2,26.6,23.21
2019-02-26,22.6,12.4,0.0,22.6,26.92
2019-02-27,21.7,11.7,0.0,22.7,26.43
2019-02-28,21.1,17.0,0.0,33.7,25.61
2019-03-01,22.1,16.3,0.0,19.5,17.97
2019-03-02,23.1,14.0,0.0,17.6,26.14
2019-03-03,24.1,14.3,0.0,22.1,25.72
2019-03-04,22.9,16.3,0.0,25.5,21.97
2019-03-05,21.7,16.7,0.0,23.6,25.29
2019-03-06,23.7,14.7,0.0,9.4,23.82
2019-03-07,23.3,15.7,1.5,21.4,18.72
2019-03-08,23.3,14.6,9.1,21.3,8.68
2019-03-09,19.4,14.1,3.3,27.8,13.91
2019-03-10,21.5,16.3,0.0,22.1,21.25
2019-03-11,23.0,16.4,0.1,13.3,18.6
2019-03-12,22.4,16.2,0.0,15.6,18.19
2019-03-13,24.1,17.6,0.0,13.8,18.98
2019-03-14,25.0,18.0,0.0,10.8,21.13
2019-03-15,23.5,17.9,0.0,19.2,19.81
2019-03-16,24.2,17.8,1.2,12.1,16.09
2019-03-17,24.4,18.9,0.0,13.9,18.48
2019-03-18,23.3,19.1,6.1,12.4,12.05
2019-03-19,20.5,18.1,4.1,15.6,7.61
2019-03-20,21.8,17.0,0.8,9.9,11.99
2019-03-21,23.1,15.4,0.4,15.6,20.06
2019-03-22,23.3,16.7,2.8,10.5,17.1
2019-03-23,22.8,16.3,1.9,14.3,17.46
2019-03-24,22.2,16.8,0.8,13.9,16.93
2019-03-25,22.5,18.0,0.1,20.7,17.13
2019-03-26,22.8,17.3,0.0,26.2,20.04
2019-03-27,23.9,17.9,1.0,27.7,14.36
2019-03-28,21.7,18.0,6.0,18.1,11.62
2019-03-29,23.1,18.2,0.8,24.0,14.07
2019-03-30,23.0,18.6,0.1,25.9,14.16
2019-03-31,22.4,18.6,4.7,28.3,15.98
2019-04-01,21.7,18.3,9.1,30.3,6.35
2019-04-02,20.1,15.5,0.2,26.8,17.24
2019-04-03,19.0,14.5,0.6,20.9,10.26
2019-04-04,20.0,14.6,0.1,14.3,14.44
2019-04-05,20.0,12.4,0.0,17.9,17.06
2019-04-06,17.8,13.7,4.2,13.0,9.59
2019-04-07,17.2,11.4,0.2,23.4,17.15
2019-04-08,18.5,11.3,1.3,26.4,16.86
2019-04-09,20.4,11.8,0.0,20.6,15.65
2019-04-10,21.1,12.9,0.4,13.9,13.83
2019-04-11,19.8,14.3,12.7,30.7,9.06
2019-04-12,18.5,14.6,2.2,30.8,11.86
2019-04-13,16.3,10.8,0.0,26.5,17.73
2019-04-14,18.5,8.9,0.3,25.1,14.0
2019-04-15,18.9,9.3,0.0,17.6,15.86
2019-04-16,18.9,9.3,0.0,11.6,15.3
2019-04-17,19.0,10.5,0.0,8.9,15.92
2019-04-18,18.9,10.1,0.0,10.2,16.56
2019-04-19,19.1,10.2,0.0,8.5,15.1
2019-04-20,19.4,9.8,0.0,8.3,15.33
2019-04-21,18.9,11.8,1.2,22.7,12.7
2019-04-22,17.5,13.1,12.1,24.5,4.13
2019-04-23,17.8,11.1,6.5,13.0,11.97
2019-04-24,18.5,12.5,1.5,29.8,13.54
2019-04-25,19.4,15.2,0.0,21.9,13.09
2019-04-26,19.6,15.4,0.0,28.4,10.72
2019-04-27,21.1,14.3,0.1,14.5,10.74
2019-04-28,18.1,12.8,11.5,20.5,5.51
2019-04-29,17.3,13.4,4.6,25.6,6.1
2019-04-30,17.0,10.5,0.0,28.3,14.4
2019-05-01,16.2,8.6,0.0,17.6,14.27
2019-05-02,17.8,7.9,0.0,24.6,11.31
2019-05-03,18.5,11.4,0.0,13.8,12.73
2019-05-04,18.7,12.3,0.0,13.7,11.13
2019-05-05,19.1,12.4,0.5,11.2,11.34
2019-05-06,17.9,12.2,0.0,10.7,8.6
2019-05-07,19.0,13.9,0.0,19.1,10.81
2019-05-08,19.0,15.1,0.3,19.3,10.12
2019-05-09,19.5,14.0,0.0,22.9,12.12
2019-05-10,19.9,14.5,1.4,18.2,10.83
2019-05-11,18.2,13.6,0.0,10.7,10.95
2019-05-12,19.2,16.6,17.2,51.4,4.98
2019-05-13,17.6,14.4,0.8,41.8,9.49
2019-05-14,16.6,12.3,0.3,13.8,8.04
2019-05-15,18.2,14.2,0.5,32.2,8.86
2019-05-16,17.2,15.6,0.5,32.6,9.55
2019-05-17,16.3,10.5,0.7,31.5,9.9
2019-05-18,17.0,10.2,0.1,17.6,8.61
2019-05-19,17.4,14.3,0.8,30.9,8.83
2019-05-20,16.6,14.2,0.0,28.7,8.3
2019-05-21,16.9,12.2,0.0,14.3,7.98
2019-05-22,16.8,12.1,0.5,15.8,6.89
2019-05-23,17.0,10.7,0.0,17.3,8.35
2019-05-24,17.6,10.2,0.0,8.7,10.07
2019-05-25,16.8,10.1,0.0,8.2,9.62
2019-05-26,17.4,11.1,0.0,9.7,10.0
2019-05-27,18.7,12.7,3.9,17.9,7.47
2019-05-28,18.9,15.7,3.7,35.9,5.13
2019-05-29,18.1,12.4,0.1,32.9,9.95
2019-05-30,19.4,12.5,0.4,24.2,9.31
2019-05-31,16.7,13.3,12.8,32.9,4.08
2019-06-01,14.3,11.1,4.3,31.2,8.12
2019-06-02,13.3,8.6,1.2,26.3,9.84
2019-06-03,13.1,7.0,0.0,10.1,10.1
2019-06-04,15.6,9.6,0.1,18.5,6.45
2019-06-05,16.0,11.3,5.1,38.4,4.28
2019-06-06,14.8,11.8,2.3,41.6,7.28
2019-06-07,13.7,11.6,12.8,35.6,7.31
2019-06-08,15.7,14.0,0.5,51.6,5.4
2019-06-09,15.3,8.5,0.0,26.7,9.42
2019-06-10,15.8,11.6,0.1,13.3,6.63
2019-06-11,16.1,9.7,1.2,10.6,7.64
2019-06-12,15.5,9.9,3.1,9.5,4.87
2019-06-13,14.7,8.8,0.2,8.8,7.65
2019-06-14,16.7,8.9,0.0,15.8,7.48
2019-06-15,16.5,13.8,0.5,23.7,8.16
2019-06-16,16.0,12.7,0.2,25.1,8.45
2019-06-17,14.4,12.3,0.5,26.1,6.91
2019-06-18,13.9,5.9,0.0,18.2,9.15
2019-06-19,13.9,5.2,0.0,13.8,8.7
2019-06-20,15.0,10.8,6.3,30.2,6.45
2019-06-21,15.7,11.0,4.5,31.9,4.65
2019-06-22,14.2,9.7,0.7,9.8,7.14
2019-06-23,14.6,10.9,8.4,28.0,6.88
2019-06-24,14.6,9.6,0.6,23.6,7.96
2019-06-25,14.3,8.7,0.7,14.3,9.12
2019-06-26,13.8,6.0,0.0,8.4,9.55
2019-06-27,13.9,5.6,0.0,9.7,9.31
2019-06-28,14.8,7.0,0.5,8.7,8.23
2019-06-29,15.1,7.0,0.0,11.4,9.38
2019-06-30,14.2,6.5,0.0,13.3,8.33
2019-07-01,16.5,7.5,0.5,18.1,8.03
2019-07-02,16.0,13.1,0.8,26.6,5.28
2019-07-03,17.5,14.8,2.7,29.6,5.93
2019-07-04,16.8,11.5,49.3,32.1,1.05
2019-07-05,12.3,8.4,0.1,19.4,5.25
2019-07-06,13.2,5.5,0.0,21.3,9.97
2019-07-07,12.2,4.2,0.0,11.7,9.42
2019-07-08,14.6,9.3,0.6,32.9,7.01
2019-07-09,14.2,8.8,0.2,16.4,6.18
2019-07-10,14.9,7.7,2.5,15.0,7.74
2019-07-11,15.8,10.2,0.7,14.8,8.42
2019-07-12,14.9,8.4,13.3,24.8,2.88
2019-07-13,16.8,11.9,0.2,20.3,9.82
2019-07-14,15.7,11.6,11.7,32.9,3.15
2019-07-15,15.2,11.4,0.0,33.5,9.68
2019-07-16,14.8,12.2,4.8,40.3,7.24
2019-07-17,14.7,12.3,1.1,32.0,8.87
2019-07-18,15.2,10.2,2.0,20.4,8.4
2019-07-19,14.3,11.4,5.7,34.8,4.02
2019-07-20,14.4,8.5,2.9,22.5,9.33
2019-07-21,14.5,8.1,0.7,10.0,9.6
2019-07-22,14.9,7.9,0.0,10.8,10.03
2019-07-23,14.2,7.5,0.0,13.3,10.65
2019-07-24,14.1,8.2,0.0,9.7,9.98
2019-07-25,14.6,6.6,0.2,13.6,9.24
2019-07-26,15.3,12.3,2.1,23.6,8.09
2019-07-27,16.0,11.3,0.0,24.0,10.45
2019-07-28,15.7,9.6,0.3,20.1,9.46
2019-07-29,15.7,11.5,0.0,19.1,7.96
2019-07-30,14.5,11.5,4.2,22.1,9.3
2019-07-31,12.5,7.9,4.7,21.6,7.92
2019-08-01,12.0,6.3,1.0,27.3,10.78
2019-08-02,14.5,10.8,1.5,40.2,8.63
2019-08-03,13.6,11.0,0.4,45.2,8.25
2019-08-04,14.1,10.2,2.8,36.4,9.05
2019-08-05,11.9,9.2,2.2,41.3,10.5
2019-08-06,13.7,10.5,0.2,27.8,9.59
2019-08-07,14.8,9.7,0.0,18.4,11.75
2019-08-08,14.9,11.7,11.5,22.1,8.14
2019-08-09,14.3,11.8,16.1,22.3,3.14
2019-08-10,16.9,12.1,6.0,25.7,11.46
2019-08-11,18.2,12.0,18.5,35.6,8.95
2019-08-12,14.7,11.5,5.0,38.5,10.9
2019-08-13,13.9,11.1,2.9,32.7,11.35
2019-08-14,14.6,10.7,0.0,33.3,10.99
2019-08-15,13.6,8.9,1.2,18.4,9.49
2019-08-16,14.4,8.1,0.5,21.5,9.99
2019-08-17,15.5,10.6,5.9,25.4,10.71
2019-08-18,11.8,8.0,14.8,26.3,3.61
2019-08-19,13.1,5.8,0.0,21.8,13.29
2019-08-20,14.1,11.0,15.8,36.2,11.62
2019-08-21,13.8,11.1,1.1,33.8,12.92
2019-08-22,13.2,10.9,10.1,38.5,11.29
2019-08-23,13.1,10.4,13.2,24.4,4.27
2019-08-24,14.1,10.5,0.2,39.5,13.89
2019-08-25,15.2,12.3,0.0,32.8,12.51
2019-08-26,15.5,11.9,1.7,36.0,11.66
2019-08-27,14.5,9.8,0.0,25.9,14.33
2019-08-28,14.4,8.8,0.2,19.6,12.68
2019-08-29,14.5,8.5,0.5,20.8,13.93
2019-08-30,15.3,9.3,3.3,23.1,10.75
2019-08-31,14.2,8.6,0.2,26.5,13.05
2019-09-01,14.6,7.9,0.0,8.7,15.09
2019-09-02,15.2,8.8,0.0,9.8,15.39
2019-09-03,15.1,12.0,18.4,42.1,4.35
2019-09-04,17.5,14.6,8.7,32.2,9.79
2019-09-05,16.0,12.6,15.0,42.6,10.91
2019-09-06,13.4,10.1,9.5,45.3,14.99
2019-09-07,14.7,8.9,0.6,29.7,15.21
2019-09-08,16.3,9.4,19.3,33.3,14.75
2019-09-09,15.3,11.5,19.5,26.6,11.61
2019-09-10,14.3,10.6,17.4,35.2,7.66
2019-09-11,14.5,8.1,1.6,32.8,14.59
2019-09-12,14.7,11.7,0.0,28.0,14.81
2019-09-13,15.7,11.6,0.2,22.0,14.7
2019-09-14,15.6,11.4,2.7,30.2,14.04
2019-09-15,15.8,10.1,0.6,17.7,15.94
2019-09-16,15.4,8.6,0.0,21.8,18.05
2019-09-17,17.3,11.9,0.4,30.7,14.04
2019-09-18,15.4,10.2,0.0,21.2,19.31
2019-09-19,15.1,8.5,0.8,14.1,12.72
2019-09-20,15.3,8.0,0.4,15.8,15.57
2019-09-21,16.2,8.1,0.0,18.2,19.23
2019-09-22,15.3,9.7,0.0,21.2,20.39
2019-09-23,16.0,11.0,0.1,23.7,17.14
2019-09-24,16.2,10.5,17.0,47.7,10.4
2019-09-25,14.5,10.2,4.9,43.1,17.75
2019-09-26,12.9,10.7,0.3,48.1,17.82
2019-09-27,14.7,12.1,0.5,32.4,15.98
2019-09-28,15.5,11.8,0.0,25.7,17.93
2019-09-29,17.8,11.8,0.1,19.7,17.84
2019-09-30,16.6,12.6,6.6,34.5,17.53
2019-10-01,14.1,9.2,4.1,33.0,20.11
2019-10-02,13.3,10.4,1.7,44.8,11.44
2019-10-03,13.9,8.7,1.4,36.0,14.67
2019-10-04,14.9,9.6,0.9,25.4,20.35
2019-10-05,16.0,9.6,0.6,29.8,17.92
2019-10-06,15.8,11.8,1.2,21.4,19.87
2019-10-07,15.3,13.0,0.8,27.3,8.57
2019-10-08,17.5,11.2,0.0,17.9,18.24
2019-10-09,18.4,10.7,0.0,21.5,22.32
2019-10-10,17.6,15.2,1.7,31.0,13.25
2019-10-11,17.1,13.7,13.6,26.6,10.41
2019-10-12,17.5,12.5,0.4,18.5,19.5
2019-10-13,17.7,11.4,0.0,16.3,23.87
2019-10-14,14.2,13.0,20.9,43.0,4.69
2019-10-15,16.8,13.2,23.8,41.9,12.3
2019-10-16,15.7,13.2,0.3,46.4,19.46
2019-10-17,16.6,12.4,0.3,33.2,16.6
2019-10-18,18.0,11.6,2.1,24.5,18.97
2019-10-19,18.1,13.5,3.8,30.2,20.2
2019-10-20,16.6,11.3,0.0,16.5,20.55
2019-10-21,16.4,11.6,2.0,27.9,22.0
2019-10-22,16.3,13.2,1.0,36.8,22.06
2019-10-23,14.1,11.0,2.1,49.3,23.12
2019-10-24,15.3,12.4,0.7,39.6,15.09
2019-10-25,14.9,12.4,0.1,40.5,18.46
2019-10-26,16.5,12.6,0.0,29.4,26.07
2019-10-27,19.2,11.1,0.0,14.5,27.08
2019-10-28,19.2,11.4,3.5,20.5,19.48
2019-10-29,15.9,12.0,4.3,25.4,19.62
2019-10-30,15.7,12.0,0.6,33.4,22.17
2019-10-31,16.9,12.5,0.5,26.4,27.13
2019-11-01,15.5,12.9,0.2,34.7,18.48
2019-11-02,16.6,12.9,0.0,25.9,28.26
2019-11-03,18.8,13.3,0.0,23.5,28.48
2019-11-04,19.9,13.1,0.0,21.9,28.75
2019-11-05,23.2,11.6,0.0,10.2,29.18
2019-11-06,22.0,13.0,0.0,13.5,21.6
2019-11-07,20.9,16.0,0.0,20.8,29.1
2019-11-08,20.4,16.0,0.0,25.6,23.38
2019-11-09,19.6,17.2,0.3,32.0,21.57
2019-11-10,20.0,15.6,24.8,34.6,13.81
2019-11-11,16.9,13.8,0.6,29.9,19.19
2019-11-12,15.6,12.6,1.4,27.3,22.79
2019-11-13,17.8,12.7,0.0,20.9,23.91
2019-11-14,19.0,14.4,9.5,26.9,22.9
2019-11-15,17.3,13.3,0.0,30.6,25.08
2019-11-16,20.4,13.2,0.5,23.6,25.85
2019-11-17,20.4,14.8,1.9,24.5,25.96
2019-11-18,17.7,13.4,18.5,29.4,9.2
2019-11-19,16.4,11.2,1.0,15.3,25.47
2019-11-20,19.0,11.0,0.4,26.6,24.49
2019-11-21,17.0,13.3,0.0,29.4,30.59
2019-11-22,17.4,13.0,0.0,31.7,30.03
2019-11-23,18.8,13.9,0.0,30.1,30.99
2019-11-24,18.5,14.0,0.0,27.0,28.72
2019-11-25,20.0,13.7,0.0,28.5,31.91
2019-11-26,21.4,12.7,0.0,13.2,26.28
2019-11-27,21.9,16.8,0.8,10.2,24.31
2019-11-28,20.7,14.5,0.6,22.6,16.83
2019-11-29,21.9,15.9,0.7,18.4,26.96
2019-11-30,22.0,14.4,0.0,17.6,30.69
2019-12-01,21.5,17.3,2.9,27.4,24.07
2019-12-02,21.0,17.4,1.5,35.0,21.69
2019-12-03,23.6,16.8,14.5,41.3,20.94
2019-12-04,22.9,15.4,0.0,16.3,29.83
2019-12-05,23.8,13.7,0.1,13.6,30.65
2019-12-06,22.6,16.3,1.9,17.4,29.34
2019-12-07,23.4,18.7,2.3,16.9,24.62
2019-12-08,23.7,18.1,10.7,24.9,23.54
2019-12-09,19.5,15.3,3.2,26.0,26.64
2019-12-10,21.2,13.5,0.7,24.2,23.98
2019-12-11,21.9,11.6,0.0,24.1,32.36
2019-12-12,23.7,14.6,0.4,10.5,29.44
2019-12-13,21.4,16.4,0.0,18.8,31.13
2019-12-14,21.4,15.0,1.2,18.9,28.69
2019-12-15,21.4,14.2,6.0,21.4,18.93
2019-12-16,21.8,18.1,5.9,31.5,12.35
2019-12-17,19.9,15.3,17.1,37.8,7.84
2019-12-18,18.8,15.0,3.6,49.9,29.01
2019-12-19,19.4,15.1,0.0,21.1,30.62
2019-12-20,20.7,14.9,5.7,37.5,17.54
2019-12-21,18.9,12.8,1.2,31.9,27.31
2019-12-22,19.6,11.6,0.0,33.0,34.19
2019-12-23,20.3,15.9,0.2,32.4,24.9
2019-12-24,21.2,16.9,1.1,23.6,27.88
2019-12-25,20.9,15.9,0.9,17.6,23.73
2019-12-26,21.4,15.2,1.0,19.4,23.26
2019-12-27,19.9,16.1,0.0,21.1,32.01
2019-12-28,19.1,15.6,0.4,33.5,30.65
2019-12-29,18.9,15.1,0.0,26.9,28.02
2019-12-30,21.6,16.5,0.2,28.8,20.97
2019-12-31,22.9,16.4,0.0,20.8,28.32
2020-01-01,22.5,15.2,0.0,20.4,30.32
2020-01-02,21.1,16.5,0.0,29.0,29.3
2020-01-03,21.4,17.1,0.1,31.1,28.44
2020-01-04,19.2,16.1,0.0,41.9,24.49
2020-01-05,20.1,16.4,0.0,33.5,23.49
2020-01-06,19.5,16.5,1.7,43.6,27.98
2020-01-07,18.5,15.4,0.8,39.2,22.08
2020-01-08,19.1,14.3,0.6,22.4,23.56
2020-01-09,19.6,15.2,0.1,28.3,26.31
2020-01-10,20.0,16.1,0.0,28.0,26.85
2020-01-11,22.0,15.2,0.0,19.9,32.37
2020-01-12,23.8,13.1,0.0,14.9,32.6
2020-01-13,23.9,14.4,0.0,21.7,29.26
2020-01-14,20.7,16.1,2.3,23.7,15.56
2020-01-15,21.3,14.0,0.5,10.7,27.92
2020-01-16,21.8,16.1,0.8,12.0,27.14
2020-01-17,22.2,15.0,0.0,24.9,29.64
2020-01-18,22.4,14.4,0.1,22.4,25.74
2020-01-19,25.7,15.8,0.0,31.0,29.82
2020-01-20,26.7,17.5,0.0,11.3,29.29
2020-01-21,23.5,16.1,0.0,16.8,30.57
2020-01-22,21.4,16.2,0.0,20.0,21.4
2020-01-23,23.0,16.3,0.0,19.9,28.64
2020-01-24,25.0,17.0,0.8,21.7,24.2
2020-01-25,23.0,16.5,0.0,23.9,29.85
2020-01-26,24.5,18.6,0.0,25.4,30.07
2020-01-27,24.8,18.4,0.0,21.8,29.82
2020-01-28,24.7,17.7,1.5,19.2,19.34
2020-01-29,24.6,20.0,1.0,19.6,18.35
2020-01-30,25.9,18.9,0.0,22.8,27.33
2020-01-31,24.2,18.5,0.0,25.5,29.43
2020-02-01,24.3,19.1,0.0,25.9,29.94
2020-02-02,25.0,18.6,0.0,28.8,28.52
2020-02-03,26.1,20.2,0.0,21.3,28.31
2020-02-04,26.8,17.8,0.0,24.6,23.39
2020-02-05,21.8,17.9,0.1,29.9,22.23
2020-02-06,21.6,17.0,0.0,30.9,19.38
2020-02-07,24.5,17.5,0.0,27.6,27.71
2020-02-08,23.6,17.6,3.2,28.3,20.53
2020-02-09,20.9,15.8,0.0,23.3,28.59
2020-02-10,21.7,13.6,0.0,21.0,27.42
2020-02-11,23.3,15.0,0.0,20.3,28.73
2020-02-12,24.8,13.5,0.0,19.0,28.81
2020-02-13,24.5,15.9,0.0,22.4,26.39
2020-02-14,26.0,15.6,0.0,19.4,24.5
2020-02-15,23.5,19.3,0.0,31.2,17.7
2020-02-16,23.7,20.1,0.1,29.8,16.66
2020-02-17,24.8,19.8,0.3,19.0,17.03
2020-02-18,25.8,18.7,0.6,12.5,17.92
2020-02-19,25.9,19.8,3.0,21.0,21.53
2020-02-20,26.3,18.9,0.0,22.7,27.0
2020-02-21,26.0,18.4,1.3,19.9,20.88
2020-02-22,22.5,18.9,8.1,21.7,10.44
2020-02-23,21.0,16.4,1.5,34.3,22.6
2020-02-24,24.9,13.5,0.0,27.5,26.62
2020-02-25,23.7,13.2,0.0,18.9,26.18
2020-02-26,25.1,15.0,0.0,18.6,25.23
2020-02-27,25.0,17.1,0.4,14.0,21.55
2020-02-28,26.0,20.5,1.4,13.5,21.65
2020-02-29,25.0,19.1,0.3,17.4,16.35
2020-03-01,24.3,16.1,0.0,21.4,22.33
2020-03-02,23.5,20.3,0.0,26.4,13.11
2020-03-03,23.4,20.1,0.1,22.3,13.92
2020-03-04,23.9,19.2,1.6,27.5,15.53
2020-03-05,21.5,18.1,1.7,18.4,9.52
2020-03-06,21.9,15.1,0.0,24.0,19.24
2020-03-07,23.0,14.9,0.0,21.4,21.04
2020-03-08,22.7,16.2,0.1,20.6,20.5
2020-03-09,22.7,18.4,6.3,27.6,11.57
2020-03-10,22.0,18.1,0.1,27.7,19.33
2020-03-11,20.9,16.6,1.5,17.9,16.98
2020-03-12,23.0,15.6,1.6,21.4,20.5
2020-03-13,22.0,14.1,0.0,16.3,20.99
2020-03-14,23.4,14.7,0.0,13.0,22.87
2020-03-15,23.1,14.5,0.0,24.3,22.22
2020-03-16,20.5,14.9,0.0,20.0,12.42
2020-03-17,22.0,14.6,0.6,32.2,12.34
2020-03-18,20.3,11.5,0.0,19.4,22.6
2020-03-19,20.9,12.7,0.7,23.2,14.8
2020-03-20,21.0,16.0,3.8,15.1,13.09
2020-03-21,21.9,14.9,0.3,10.5,14.46
2020-03-22,24.0,16.8,1.0,24.5,16.46
2020-03-23,22.3,17.4,3.5,28.1,9.69
2020-03-24,17.4,14.9,0.8,36.4,10.54
2020-03-25,19.3,14.8,0.8,17.6,15.27
2020-03-26,20.0,13.8,0.0,15.5,16.48
2020-03-27,19.7,15.3,3.2,21.5,12.12
2020-03-28,18.5,13.9,0.0,31.2,16.77
2020-03-29,20.6,11.4,0.3,14.2,18.29
2020-03-30,20.8,14.5,4.4,14.8,13.74
2020-03-31,22.2,13.0,0.6,15.2,18.53
2020-04-01,22.5,13.2,0.2,13.7,18.05
2020-04-02,21.6,12.4,0.0,20.2,18.52
2020-04-03,21.3,13.2,0.1,11.7,17.76
2020-04-04,21.0,13.5,0.1,16.9,16.87
2020-04-05,20.8,14.1,0.0,19.4,16.72
2020-04-06,19.8,12.2,0.0,13.5,13.96
2020-04-07,20.7,13.8,0.0,11.9,17.04
2020-04-08,20.0,13.5,3.9,28.1,9.14
2020-04-09,18.2,14.6,1.2,39.6,12.54
2020-04-10,18.8,13.2,0.0,25.6,17.74
2020-04-11,19.4,12.9,0.3,12.9,13.49
2020-04-12,21.5,13.9,3.5,32.1,13.76
2020-04-13,19.8,16.4,17.6,35.4,13.3
2020-04-14,16.9,14.9,1.0,44.0,12.83
2020-04-15,16.9,14.3,0.9,35.8,9.6
2020-04-16,18.4,14.5,1.4,28.7,11.38
2020-04-17,21.2,15.8,1.3,31.0,10.74
2020-04-18,20.8,15.6,8.6,30.3,12.84
2020-04-19,19.7,15.7,1.3,21.6,8.49
2020-04-20,19.7,13.9,1.5,8.9,8.37
2020-04-21,18.4,13.5,0.5,17.3,5.59
2020-04-22,19.0,10.6,0.0,13.6,15.15
2020-04-23,19.9,13.1,3.9,23.9,9.09
2020-04-24,20.2,14.1,4.3,23.2,14.25
2020-04-25,18.7,13.9,0.0,26.0,11.21
2020-04-26,19.2,12.9,0.0,16.5,13.48
2020-04-27,19.3,11.9,0.0,9.4,13.69
2020-04-28,18.5,14.0,0.1,28.2,14.1
2020-04-29,19.7,9.7,0.0,20.1,12.33
2020-04-30,18.5,11.6,0.0,13.8,11.54
2020-05-01,18.3,13.2,0.0,11.0,10.54
2020-05-02,19.7,14.0,0.9,36.0,8.66
2020-05-03,19.3,17.4,16.1,53.3,2.48
2020-05-04,18.4,13.1,3.5,27.9,10.8
2020-05-05,16.2,11.5,8.4,36.9,8.71
2020-05-06,15.0,9.5,0.1,33.9,13.14
2020-05-07,17.2,8.8,0.0,25.2,10.05
2020-05-08,18.1,14.1,0.0,25.0,10.9
2020-05-09,18.1,11.6,0.0,14.8,12.04
2020-05-10,19.0,11.6,0.0,22.3,10.31
2020-05-11,18.0,12.9,0.0,19.6,10.09
2020-05-12,17.9,13.3,0.1,25.2,8.45
2020-05-13,17.0,12.6,0.7,23.9,7.92
2020-05-14,18.1,10.8,0.0,15.5,9.43
2020-05-15,17.5,9.7,0.0,13.4,9.69
2020-05-16,18.4,11.2,0.0,15.0,11.54
2020-05-17,18.0,10.6,0.2,15.5,10.45
2020-05-18,17.0,9.9,0.0,15.0,11.37
2020-05-19,16.4,7.5,0.0,17.2,11.66
2020-05-20,14.9,7.4,0.0,13.8,11.79
2020-05-21,16.4,7.1,0.0,12.1,11.52
2020-05-22,16.6,7.6,0.0,11.0,11.39
2020-05-23,14.3,5.4,0.0,12.0,9.16
2020-05-24,17.2,14.9,6.0,33.4,2.4
2020-05-25,18.6,15.6,9.9,41.1,1.67
2020-05-26,17.3,14.6,2.4,24.0,7.06
2020-05-27,15.6,11.1,28.2,28.2,2.09
2020-05-28,15.8,8.5,0.0,13.4,9.8
2020-05-29,14.8,13.5,8.9,17.1,2.43
2020-05-30,17.2,12.6,1.6,15.0,8.38
2020-05-31,15.8,13.8,13.2,33.5,3.31
2020-06-01,17.9,14.4,14.1,37.8,5.64
2020-06-02,17.1,13.7,0.0,33.1,9.88
2020-06-03,17.0,9.5,4.5,40.9,8.65
2020-06-04,17.0,13.0,1.6,27.3,6.03
2020-06-05,15.7,12.0,4.8,20.9,7.26
2020-06-06,15.6,11.8,0.3,25.4,7.18
2020-06-07,14.0,12.3,0.7,25.2,7.24
2020-06-08,14.8,9.4,0.4,18.6,8.12
2020-06-09,15.6,10.9,0.3,24.2,7.81
2020-06-10,15.0,7.6,0.0,10.2,9.41
2020-06-11,15.6,10.1,0.2,16.8,7.81
2020-06-12,15.6,10.4,0.0,21.7,6.65
2020-06-13,15.0,10.6,0.9,17.6,5.23
2020-06-14,14.6,11.3,0.1,19.8,6.04
2020-06-15,15.6,10.6,0.0,19.1,8.96
2020-06-16,15.7,13.4,0.6,17.6,4.68
2020-06-17,16.7,12.8,0.0,19.8,8.83
2020-06-18,15.2,11.4,32.4,31.4,1.72
2020-06-19,14.6,10.1,0.2,19.1,8.38
2020-06-20,15.9,8.9,0.5,13.6,7.97
2020-06-21,15.5,11.9,7.2,25.8,4.14
2020-06-22,17.7,10.8,0.2,21.4,9.4
2020-06-23,16.6,10.5,0.0,27.1,9.05
2020-06-24,15.6,13.6,12.2,35.2,4.23
2020-06-25,15.4,12.0,22.8,38.3,6.51
2020-06-26,15.9,13.3,3.8,33.3,6.17
2020-06-27,15.9,14.1,22.2,36.4,3.52
2020-06-28,15.3,11.6,0.1,26.1,7.56
2020-06-29,13.7,10.7,0.7,26.4,5.99
2020-06-30,12.6,9.5,0.1,22.2,8.16
2020-07-01,12.3,7.1,0.7,20.5,8.52
2020-07-02,13.1,6.6,1.1,27.9,9.51
2020-07-03,13.3,6.2,0.0,14.6,9.22
2020-07-04,14.3,8.0,0.0,14.8,8.04
2020-07-05,15.6,11.2,10.6,49.9,5.53
2020-07-06,13.3,10.9,6.0,22.9,4.05
2020-07-07,14.0,10.8,2.8,36.7,6.7
2020-07-08,11.8,9.5,6.1,40.1,7.24
2020-07-09,12.8,6.5,4.0,28.9,6.88
2020-07-10,13.1,6.8,0.7,9.7,8.05
2020-07-11,14.0,8.1,0.3,14.8,6.87
2020-07-12,14.6,8.2,0.5,22.3,7.52
2020-07-13,16.8,10.6,0.0,18.9,5.4
2020-07-14,15.4,10.0,2.0,10.4,4.53
2020-07-15,13.9,12.6,13.4,45.5,1.44
2020-07-16,15.2,12.9,20.4,49.5,3.13
2020-07-17,16.6,12.2,0.7,26.5,6.24
2020-07-18,16.6,9.5,0.4,19.5,7.95
2020-07-19,16.1,11.2,0.0,25.3,9.25
2020-07-20,16.4,10.7,0.7,18.2,7.55
2020-07-21,14.9,10.8,8.4,24.3,7.23
2020-07-22,12.6,9.6,5.0,45.9,7.59
2020-07-23,15.1,12.7,0.0,35.7,9.18
2020-07-24,13.9,11.3,0.3,27.0,9.35
2020-07-25,13.7,8.4,0.1,19.9,7.37
2020-07-26,14.2,8.7,0.1,23.2,8.63
2020-07-27,14.2,6.5,0.0,13.1,11.3
2020-07-28,15.0,8.1,0.3,24.0,9.83
2020-07-29,14.8,9.1,0.0,18.1,10.1
2020-07-30,14.7,11.7,0.0,22.0,7.25
2020-07-31,14.8,12.3,0.1,31.4,9.64
2020-08-01,15.0,12.5,0.9,36.4,7.34
2020-08-02,14.8,12.1,0.6,30.4,5.27
2020-08-03,15.1,9.2,1.1,22.0,9.58
2020-08-04,15.9,7.5,0.0,10.4,12.7
2020-08-05,15.4,7.5,0.0,9.6,11.16
2020-08-06,15.5,11.8,4.4,25.0,9.75
2020-08-07,15.2,11.1,19.1,27.7,9.15
2020-08-08,14.1,10.2,2.0,26.0,10.72
2020-08-09,14.3,7.8,0.8,23.2,10.71
2020-08-10,14.5,8.3,0.0,16.9,10.19
2020-08-11,16.1,8.9,25.6,43.1,2.55
2020-08-12,17.6,10.7,1.3,22.9,10.76
2020-08-13,14.9,6.5,0.0,13.8,13.88
2020-08-14,13.6,7.6,0.1,18.3,6.76
2020-08-15,13.7,5.6,0.0,13.4,14.09
2020-08-16,13.0,3.8,0.0,12.5,14.21
2020-08-17,14.1,6.3,0.0,24.3,10.58
2020-08-18,14.9,11.9,0.7,39.9,7.34
2020-08-19,15.2,12.8,44.1,46.0,3.18
2020-08-20,17.3,12.5,2.5,36.9,10.04
2020-08-21,16.5,12.3,3.5,34.3,12.56
2020-08-22,16.7,11.6,1.7,22.1,13.38
2020-08-23,16.3,12.0,18.7,29.3,9.53
2020-08-24,14.2,11.7,3.7,36.2,11.01
2020-08-25,14.4,11.3,2.8,37.6,13.03
2020-08-26,13.2,11.1,0.5,31.3,12.56
2020-08-27,13.6,10.7,5.5,29.6,11.53
2020-08-28,14.5,8.3,0.5,18.9,12.37
2020-08-29,16.8,9.0,0.3,15.8,15.12
2020-08-30,16.2,8.4,0.0,24.6,13.98
2020-08-31,15.3,11.4,0.0,23.5,11.83
2020-09-01,17.1,10.8,1.8,26.9,12.74
2020-09-02,12.9,8.1,0.9,24.0,10.29
2020-09-03,12.4,7.9,0.0,31.9,17.9
2020-09-04,13.6,3.1,0.0,15.1,18.64
2020-09-05,14.6,9.6,0.1,24.2,13.26
2020-09-06,16.0,10.9,0.7,29.1,11.23
2020-09-07,15.1,9.6,3.6,27.4,11.48
2020-09-08,14.5,5.3,0.0,14.7,19.11
2020-09-09,13.7,7.4,0.0,14.5,15.43
2020-09-10,14.7,10.0,2.9,29.7,13.27
2020-09-11,13.7,8.7,0.6,26.1,17.38
2020-09-12,12.8,6.2,0.0,23.7,20.36
2020-09-13,14.8,10.7,0.0,28.3,13.79
2020-09-14,15.5,12.5,0.0,28.4,15.12
2020-09-15,16.1,12.7,0.7,36.1,13.5
2020-09-16,15.3,9.6,0.0,35.8,16.65
2020-09-17,16.5,9.2,0.0,24.2,14.94
2020-09-18,15.9,12.1,6.3,40.1,9.65
2020-09-19,14.6,9.8,0.2,29.1,13.95
2020-09-20,15.1,8.4,0.4,23.5,16.29
2020-09-21,16.2,11.1,0.1,19.1,18.76
2020-09-22,16.3,8.2,0.4,18.4,18.33
2020-09-23,18.0,11.4,0.3,25.4,16.47
2020-09-24,17.4,14.6,6.9,32.0,7.84
2020-09-25,18.7,11.0,0.0,23.6,19.67
2020-09-26,17.8,10.9,0.5,26.0,16.86
2020-09-27,17.9,13.3,13.1,36.2,13.61
2020-09-28,14.7,11.7,1.0,32.5,18.72
2020-09-29,14.0,11.4,1.3,42.9,17.28
2020-09-30,14.3,8.6,0.2,25.1,15.57
2020-10-01,16.1,7.3,0.0,15.9,21.3
2020-10-02,15.7,9.8,0.2,17.8,15.69
2020-10-03,17.7,8.7,0.0,17.6,22.73
2020-10-04,17.8,10.1,0.0,21.9,21.72
2020-10-05,19.3,11.2,0.0,17.7,23.87
2020-10-06,16.4,11.9,0.0,17.9,17.59
2020-10-07,17.3,12.1,0.3,30.2,14.31
2020-10-08,15.6,11.4,0.5,27.3,14.81
2020-10-09,15.5,12.2,0.0,35.9,14.89
2020-10-10,16.8,13.2,0.4,36.4,20.15
2020-10-11,17.5,14.2,0.0,37.8,19.72
2020-10-12,16.1,14.8,14.7,29.9,6.59
2020-10-13,16.6,12.1,18.9,20.3,12.03
2020-10-14,16.5,11.0,0.2,22.6,22.7
2020-10-15,14.9,9.5,10.2,28.4,12.57
2020-10-16,15.9,7.8,0.2,23.1,24.26
2020-10-17,15.1,8.0,0.0,14.0,25.53
2020-10-18,16.8,11.3,0.0,12.9,17.63
2020-10-19,19.3,14.1,1.0,24.6,13.3
2020-10-20,19.7,14.7,0.0,27.4,19.72
2020-10-21,19.4,14.7,10.0,12.9,16.15
2020-10-22,19.4,12.7,0.6,14.4,22.2
2020-10-23,17.7,12.7,2.6,15.8,13.98
2020-10-24,19.3,15.5,0.5,20.1,19.97
2020-10-25,19.3,15.4,0.1,20.8,22.93
2020-10-26,20.2,13.9,0.0,17.4,24.9
2020-10-27,21.0,12.9,2.2,12.0,22.49
2020-10-28,19.0,14.7,3.4,22.4,17.3
2020-10-29,18.9,16.0,5.5,22.9,15.58
2020-10-30,18.8,16.0,0.3,24.4,13.03
2020-10-31,21.4,16.8,5.4,28.0,15.83
2020-11-01,20.0,14.4,0.3,21.7,24.4
2020-11-02,20.9,13.6,0.8,15.5,21.6
2020-11-03,19.8,17.6,1.4,32.0,12.11
2020-11-04,20.5,17.7,1.0,32.2,16.52
2020-11-05,19.5,17.1,39.1,47.4,4.29
2020-11-06,21.4,15.4,4.2,22.7,17.65
2020-11-07,20.0,15.3,5.6,41.9,19.78
2020-11-08,20.1,13.6,11.2,30.6,23.28
2020-11-09,18.3,12.3,5.6,15.2,20.08
2020-11-10,16.6,12.9,11.3,15.5,16.17
2020-11-11,17.4,13.0,1.1,33.8,25.43
2020-11-12,18.6,13.1,0.0,21.1,24.89
2020-11-13,19.3,13.4,0.0,17.4,24.54
2020-11-14,20.2,13.0,2.1,18.1,27.85
2020-11-15,20.3,13.1,0.2,15.5,28.35
2020-11-16,21.2,13.0,0.1,20.5,24.36
2020-11-17,19.8,15.1,0.0,22.2,26.4
2020-11-18,20.5,14.8,3.7,35.6,18.57
2020-11-19,18.3,14.2,0.4,30.1,29.39
2020-11-20,19.2,12.0,0.0,22.5,30.79
2020-11-21,19.4,14.5,0.0,23.3,24.62
2020-11-22,17.6,14.5,6.0,32.0,26.66
2020-11-23,17.9,11.5,0.0,15.1,25.07
2020-11-24,16.1,12.9,18.2,31.6,6.54
2020-11-25,22.1,15.3,18.6,32.0,22.11
2020-11-26,21.3,16.1,1.8,31.1,23.56
2020-11-27,18.7,15.6,0.4,33.4,28.52
2020-11-28,17.7,13.6,0.0,34.3,32.75
2020-11-29,19.1,13.3,4.6,39.7,16.76
2020-11-30,21.5,15.3,4.9,38.3,13.42
2020-12-01,19.8,14.8,0.3,39.5,27.46
2020-12-02,19.4,10.6,0.0,16.8,28.67
2020-12-03,18.6,14.7,1.2,33.9,20.57
2020-12-04,17.9,14.4,0.0,20.8,26.48
2020-12-05,18.9,14.5,0.3,25.6,16.96
2020-12-06,19.5,15.1,0.4,23.2,26.1
2020-12-07,24.1,16.2,2.2,26.6,19.43
2020-12-08,24.5,18.4,1.3,33.7,25.12
2020-12-09,24.0,17.4,3.9,29.2,20.7
2020-12-10,22.3,17.3,9.4,31.3,26.42
2020-12-11,20.3,15.0,0.1,26.6,24.55
2020-12-12,18.6,14.9,0.1,32.7,23.97
2020-12-13,18.1,15.3,0.0,33.4,24.2
2020-12-14,22.2,11.7,0.2,21.6,29.76
2020-12-15,22.1,13.2,0.0,22.7,32.73
2020-12-16,19.2,15.1,0.0,24.2,31.53
2020-12-17,19.1,14.4,0.0,23.4,30.41
2020-12-18,21.7,12.5,0.2,22.0,25.24
2020-12-19,22.4,15.5,0.0,13.7,24.52
2020-12-20,23.1,15.0,0.1,16.6,26.4
2020-12-21,23.3,15.5,0.0,20.6,26.68
2020-12-22,21.8,17.7,9.4,22.6,19.28
2020-12-23,22.6,17.8,3.3,26.5,19.14
2020-12-24,21.2,17.1,3.0,37.3,23.9
2020-12-25,19.6,17.0,0.0,29.7,21.88
2020-12-26,19.4,15.6,0.3,30.5,28.61
2020-12-27,18.2,14.1,1.0,29.7,29.57
2020-12-28,18.3,11.9,0.0,32.2,31.35
2020-12-29,19.2,14.5,0.0,35.1,25.89
2020-12-30,20.4,14.5,0.0,26.0,31.26
2020-12-31,22.2,13.5,0.0,13.3,27.86
2021-01-01,23.0,14.8,0.0,7.3,30.87
2021-01-02,21.7,17.2,13.9,10.5,22.46
2021-01-03,21.1,17.8,21.7,19.8,16.48
2021-01-04,23.3,17.6,0.8,13.5,28.42
2021-01-05,24.9,18.1,0.2,10.9,29.67
2021-01-06,24.7,15.7,0.0,21.3,31.72
2021-01-07,23.8,16.5,3.7,16.1,17.2
2021-01-08,22.3,17.8,17.7,18.9,20.15
2021-01-09,23.3,16.9,2.1,20.1,27.81
2021-01-10,22.5,17.9,0.5,21.6,27.86
2021-01-11,21.2,15.4,0.1,23.9,26.49
2021-01-12,23.8,14.9,0.0,20.7,27.1
2021-01-13,24.5,17.8,1.9,21.0,25.18
2021-01-14,24.4,16.4,0.7,26.1,27.03
2021-01-15,22.9,17.7,0.0,21.1,31.08
2021-01-16,22.9,16.8,0.0,20.5,26.75
2021-01-17,24.1,15.9,4.8,28.1,17.44
2021-01-18,21.1,17.9,0.2,30.3,27.6
2021-01-19,23.4,17.6,1.7,30.2,24.43
2021-01-20,19.2,14.5,11.1,30.1,15.6
2021-01-21,19.5,14.2,0.1,28.5,21.92
2021-01-22,19.9,16.2,0.2,23.7,21.78
2021-01-23,21.3,15.9,0.2,25.0,22.65
2021-01-24,22.1,17.9,1.1,31.4,21.19
2021-01-25,22.6,17.5,0.0,24.2,30.28
2021-01-26,23.2,18.7,0.0,27.5,25.12
2021-01-27,25.1,17.7,0.0,20.9,29.48
2021-01-28,23.0,16.9,0.6,30.3,23.25
2021-01-29,20.0,16.0,0.0,33.4,25.91
2021-01-30,22.8,14.8,0.4,15.5,29.66
2021-01-31,24.0,13.3,0.0,25.5,28.68
2021-02-01,23.5,13.5,0.0,22.3,27.12
2021-02-02,23.8,16.6,0.0,13.4,24.93
2021-02-03,24.6,17.4,0.0,24.7,28.92
2021-02-04,24.1,16.5,0.0,21.9,28.25
2021-02-05,23.0,18.4,1.5,23.9,20.13
2021-02-06,23.4,18.8,0.0,19.1,22.72
2021-02-07,23.0,18.2,0.0,21.9,25.11
2021-02-08,23.3,16.3,0.0,22.5,27.63
2021-02-09,23.0,18.6,1.9,29.4,15.65
2021-02-10,22.5,16.9,11.5,31.9,8.55
2021-02-11,21.6,17.3,1.4,24.8,25.07
2021-02-12,21.1,16.3,0.0,23.0,27.04
2021-02-13,22.9,13.6,0.0,17.1,28.11
2021-02-14,24.0,17.3,1.5,26.0,23.08
2021-02-15,22.2,19.0,62.7,39.1,4.77
2021-02-16,23.2,19.1,11.0,31.9,7.96
2021-02-17,23.4,16.1,0.3,22.7,24.89
2021-02-18,21.2,13.6,0.0,18.8,24.91
2021-02-19,21.7,15.6,0.0,17.9,26.13
2021-02-20,22.0,16.3,0.0,20.7,27.45
2021-02-21,23.9,14.5,0.0,17.9,26.2
2021-02-22,22.7,17.7,0.0,24.2,25.12
2021-02-23,23.4,19.4,0.4,33.5,22.33
2021-02-24,23.8,19.3,0.0,27.0,25.08
2021-02-25,24.0,18.2,0.1,15.5,21.33
2021-02-26,22.7,17.1,0.7,16.8,18.64
2021-02-27,23.3,16.6,0.3,17.7,21.63
2021-02-28,23.5,18.0,1.7,20.7,22.01
2021-03-01,22.4,18.4,14.2,23.3,16.91
2021-03-02,22.4,17.9,35.6,18.6,17.94
2021-03-03,22.6,18.8,6.0,20.1,14.26
2021-03-04,22.1,17.2,6.3,19.1,15.99
2021-03-05,21.3,15.4,4.4,16.6,19.27
2021-03-06,21.8,15.4,4.5,24.8,16.51
2021-03-07,20.3,17.0,0.9,34.3,20.04
2021-03-08,19.9,17.3,0.1,33.1,18.59
2021-03-09,20.0,15.9,0.3,19.3,15.44
2021-03-10,22.0,15.8,2.5,18.1,12.18
2021-03-11,21.8,15.9,9.1,22.3,20.94
2021-03-12,23.4,15.1,0.1,13.1,22.6
2021-03-13,22.1,14.4,0.0,15.9,23.13
2021-03-14,23.3,13.0,0.0,22.9,21.85
2021-03-15,23.0,16.5,0.5,17.1,20.02
2021-03-16,22.0,16.9,0.5,21.4,12.7
2021-03-17,22.1,13.3,0.2,21.3,19.06
2021-03-18,21.4,16.6,4.8,17.8,16.71
2021-03-19,20.9,14.4,0.4,12.6,18.17
2021-03-20,20.5,12.9,0.0,15.8,19.32
2021-03-21,21.0,12.1,0.0,16.5,17.81
2021-03-22,21.9,11.5,0.0,12.3,20.69
2021-03-23,21.8,12.4,0.0,8.6,19.26
2021-03-24,22.0,13.3,0.0,25.2,20.64
2021-03-25,22.6,13.3,0.0,17.3,19.84
2021-03-26,22.0,14.5,0.1,25.0,16.6
2021-03-27,21.4,17.7,0.6,32.1,13.83
2021-03-28,21.4,18.5,1.7,29.5,9.94
2021-03-29,21.8,18.3,22.1,25.1,10.47
2021-03-30,21.1,19.3,7.6,28.6,9.59
2021-03-31,20.3,14.3,16.7,32.1,7.35
2021-04-01,20.5,14.3,9.3,16.6,12.62
2021-04-02,19.9,12.2,0.0,29.3,17.42
2021-04-03,20.4,14.4,0.5,23.0,18.57
2021-04-04,20.2,14.2,0.3,18.1,15.82
2021-04-05,21.0,16.3,0.0,21.3,12.72
2021-04-06,21.0,16.7,0.0,24.9,10.77
2021-04-07,20.7,15.6,0.0,19.7,16.62
2021-04-08,20.9,16.0,2.9,19.4,13.79
2021-04-09,19.9,17.3,0.5,33.7,7.77
2021-04-10,20.0,18.1,27.6,43.3,4.49
2021-04-11,22.4,16.1,2.6,24.3,16.42
2021-04-12,22.0,15.1,2.1,13.2,10.35
2021-04-13,21.8,16.6,0.8,19.5,14.87
2021-04-14,17.9,14.9,4.6,25.7,10.34
2021-04-15,19.5,14.9,0.5,25.2,12.57
2021-04-16,19.9,16.7,0.5,23.4,14.13
2021-04-17,17.2,14.2,9.1,33.5,12.06
2021-04-18,18.2,12.0,0.0,21.8,11.46
2021-04-19,17.5,13.6,0.5,11.6,9.17
2021-04-20,19.2,13.4,23.1,34.2,5.0
2021-04-21,19.8,14.5,0.9,18.4,11.73
2021-04-22,19.6,14.0,0.0,18.2,13.02
2021-04-23,19.8,12.3,6.1,15.3,11.52
2021-04-24,18.8,15.1,1.6,24.1,13.45
2021-04-25,17.4,14.8,1.2,26.5,12.15
2021-04-26,17.4,13.7,1.1,19.5,12.02
2021-04-27,17.9,13.8,3.7,22.4,10.92
2021-04-28,16.6,9.7,0.0,13.0,12.69
2021-04-29,17.5,8.1,0.0,13.9,13.24
2021-04-30,17.9,11.9,1.2,21.4,10.42
2021-05-01,18.7,11.2,0.0,18.5,13.62
2021-05-02,15.6,8.9,0.0,16.7,13.85
2021-05-03,16.9,7.5,0.0,9.4,13.51
2021-05-04,17.9,11.8,0.0,14.1,11.59
2021-05-05,18.3,11.7,0.0,14.1,11.35
2021-05-06,19.1,12.3,0.0,15.5,9.68
2021-05-07,19.0,13.0,0.1,29.3,8.88
2021-05-08,18.3,17.0,1.4,27.8,3.31
2021-05-09,19.4,16.5,4.5,22.7,4.35
2021-05-10,19.6,16.4,3.6,12.7,6.38
2021-05-11,19.9,15.5,0.9,19.6,8.41
2021-05-12,19.5,14.1,12.9,22.0,9.28
2021-05-13,15.2,9.1,1.2,21.4,12.23
2021-05-14,17.6,5.3,0.0,31.0,10.21
2021-05-15,18.7,12.7,15.7,43.5,10.54
2021-05-16,18.3,11.3,0.1,19.5,10.5
2021-05-17,17.7,14.8,1.7,30.8,8.76
2021-05-18,16.9,14.0,2.9,36.8,8.57
2021-05-19,17.6,14.9,0.6,33.5,8.74
2021-05-20,18.0,12.6,0.5,20.3,8.52
2021-05-21,16.7,10.5,0.0,10.9,6.89
2021-05-22,16.2,10.7,0.0,22.7,6.83
2021-05-23,15.2,12.7,1.9,31.8,5.48
2021-05-24,16.3,12.5,0.0,29.7,6.58
2021-05-25,16.4,10.0,0.0,28.3,8.91
2021-05-26,14.8,8.7,0.0,21.9,10.33
2021-05-27,14.6,7.2,0.0,13.6,11.0
2021-05-28,15.3,6.8,5.5,26.5,5.74
2021-05-29,15.7,11.1,3.1,33.3,4.37
2021-05-30,14.3,10.9,0.6,21.9,6.95
2021-05-31,14.5,12.0,2.5,22.9,7.01
2021-06-01,15.4,9.2,0.0,23.2,10.35
2021-06-02,16.1,9.3,0.7,23.4,7.44
2021-06-03,16.5,10.5,0.4,10.5,8.12
2021-06-04,15.8,9.8,0.0,11.5,9.04
2021-06-05,16.4,12.4,1.3,25.9,7.14
2021-06-06,15.8,14.5,11.2,31.0,2.21
2021-06-07,15.5,14.4,10.4,36.9,3.1
2021-06-08,16.5,13.4,0.8,26.6,7.42
2021-06-09,17.5,13.2,0.3,22.7,7.03
2021-06-10,17.5,14.1,0.1,19.6,6.95
2021-06-11,17.1,12.2,0.0,15.4,6.38
2021-06-12,17.0,11.7,0.0,15.3,9.27
2021-06-13,16.3,14.1,1.7,25.3,3.8
2021-06-14,17.0,14.5,16.8,34.0,2.17
2021-06-15,16.4,13.9,6.6,16.8,2.22
2021-06-16,16.4,12.2,0.4,20.4,7.89
2021-06-17,15.9,10.1,0.3,18.1,7.33
2021-06-18,15.6,9.8,0.2,17.6,6.39
2021-06-19,17.1,14.2,20.2,35.7,6.79
2021-06-20,15.4,12.3,19.3,19.8,6.67
2021-06-21,16.2,11.2,0.4,33.0,7.51
2021-06-22,15.5,9.6,0.0,31.7,9.68
2021-06-23,13.2,6.6,0.0,12.7,9.93
2021-06-24,13.9,6.0,0.0,11.3,9.93
2021-06-25,14.6,10.5,0.4,14.2,3.47
2021-06-26,17.3,11.7,0.2,23.1,6.38
2021-06-27,17.4,15.0,14.3,34.1,3.46
2021-06-28,16.0,12.8,0.5,29.4,6.05
2021-06-29,12.9,7.1,0.9,44.9,8.96
2021-06-30,13.3,4.7,0.0,23.5,9.9
2021-07-01,13.8,4.9,0.0,12.2,9.99
2021-07-02,13.3,5.5,0.0,9.8,9.77
2021-07-03,13.0,5.2,0.0,11.4,10.0
2021-07-04,13.0,5.0,0.0,10.6,9.99
2021-07-05,13.2,5.4,0.0,16.1,10.26
2021-07-06,15.7,10.8,0.9,38.4,6.67
2021-07-07,15.0,11.9,14.3,34.1,4.6
2021-07-08,13.1,11.8,0.1,33.4,7.25
2021-07-09,13.9,11.3,1.0,26.9,8.23
2021-07-10,14.5,9.8,0.2,24.4,8.22
2021-07-11,12.5,8.5,0.1,23.6,4.49
2021-07-12,10.7,8.5,4.0,26.0,3.82
2021-07-13,13.3,7.4,0.0,25.1,9.97
2021-07-14,12.4,4.2,0.1,16.4,10.02
2021-07-15,14.9,6.8,0.1,12.9,10.08
2021-07-16,15.7,10.0,0.2,33.9,8.28
2021-07-17,16.6,14.3,29.5,45.8,1.2
2021-07-18,17.3,12.3,9.8,34.4,7.65
2021-07-19,14.8,12.2,1.6,28.7,8.56
2021-07-20,15.2,8.1,0.6,16.3,9.44
2021-07-21,15.4,8.4,14.2,29.9,5.49
2021-07-22,15.8,11.4,1.2,20.8,9.25
2021-07-23,14.0,9.4,1.5,18.8,7.29
2021-07-24,14.5,7.9,0.3,17.4,10.33
2021-07-25,14.5,12.0,1.1,35.7,6.43
2021-07-26,16.6,12.0,16.2,42.9,6.66
2021-07-27,13.3,10.8,1.8,31.5,9.69
2021-07-28,15.3,9.9,0.0,25.1,10.35
2021-07-29,15.4,9.2,1.1,10.8,7.84
2021-07-30,15.2,9.7,0.3,24.0,9.15
2021-07-31,15.9,11.1,0.2,28.0,9.76
2021-08-01,14.3,6.9,0.0,13.9,11.52
2021-08-02,15.3,9.5,3.2,21.0,9.37
2021-08-03,13.2,10.9,2.4,51.0,9.58
2021-08-04,13.8,7.5,0.4,18.7,12.73
2021-08-05,14.5,10.6,6.8,25.4,4.83
2021-08-06,14.5,11.5,4.1,25.0,9.09
2021-08-07,15.1,12.0,0.4,45.9,10.67
2021-08-08,14.8,10.2,4.1,35.5,8.71
2021-08-09,10.9,7.4,0.0,39.0,12.59
2021-08-10,13.9,6.0,0.0,25.2,12.72
2021-08-11,14.9,9.9,0.7,26.3,10.5
2021-08-12,14.9,8.9,0.3,17.6,11.25
2021-08-13,14.5,10.4,6.2,23.1,6.23
2021-08-14,14.4,10.9,0.1,28.8,11.37
2021-08-15,14.1,9.3,0.3,22.8,10.34
2021-08-16,14.9,9.3,0.2,18.8,12.18
2021-08-17,17.3,10.4,16.8,39.9,8.8
2021-08-18,14.0,10.1,3.5,30.3,12.21
2021-08-19,14.0,9.0,0.1,23.7,12.2
2021-08-20,14.8,8.6,0.4,24.2,11.73
2021-08-21,13.3,7.4,0.6,24.9,8.63
2021-08-22,13.9,8.4,0.3,23.7,11.57
2021-08-23,14.5,6.0,0.1,19.0,14.85
2021-08-24,14.3,7.3,0.0,19.2,14.37
2021-08-25,14.4,7.8,0.0,16.3,13.26
2021-08-26,14.7,10.7,0.2,29.5,12.62
2021-08-27,14.6,12.9,9.6,33.0,4.17
2021-08-28,16.3,13.5,24.1,31.0,8.96
2021-08-29,16.8,10.7,5.0,19.7,12.75
2021-08-30,15.1,10.2,29.2,40.5,9.6
2021-08-31,13.3,11.4,33.0,48.8,7.52
2021-09-01,14.0,9.3,3.8,29.4,10.28
2021-09-02,14.9,8.4,0.0,15.8,15.07
2021-09-03,15.3,7.0,0.3,18.8,15.27
2021-09-04,14.8,7.4,0.0,19.2,17.45
2021-09-05,15.0,7.7,0.2,14.3,15.59
2021-09-06,15.0,8.7,1.1,31.6,13.77
2021-09-07,15.0,11.9,13.3,27.0,4.62
2021-09-08,12.2,10.4,5.5,50.5,10.91
2021-09-09,14.9,11.2,0.5,32.9,14.1
2021-09-10,16.4,13.2,2.2,38.5,13.2
2021-09-11,14.5,9.9,4.4,39.0,15.94
2021-09-12,15.3,8.3,0.2,18.4,15.93
2021-09-13,16.8,10.3,0.0,32.3,16.55
2021-09-14,15.4,12.8,11.8,34.6,5.73
2021-09-15,15.3,12.8,8.2,30.3,4.9
2021-09-16,18.8,13.9,39.0,34.6,9.36
2021-09-17,15.8,10.2,3.1,27.4,11.07
2021-09-18,15.1,7.1,0.1,20.8,19.96
2021-09-19,14.2,7.5,1.1,17.5,12.45
2021-09-20,15.9,10.9,4.1,22.9,18.85
2021-09-21,16.1,9.0,1.4,13.3,16.58
2021-09-22,16.9,12.6,11.3,38.6,10.14
2021-09-23,16.3,12.1,42.4,39.7,8.1
2021-09-24,15.9,12.6,0.7,37.0,15.43
2021-09-25,16.7,10.7,0.0,17.6,19.82
2021-09-26,16.8,10.4,1.8,23.3,14.41
2021-09-27,13.7,9.5,0.3,15.9,13.58
2021-09-28,13.4,8.0,0.5,32.8,18.59
2021-09-29,14.4,10.1,0.2,30.5,17.88
2021-09-30,16.4,11.8,3.2,34.9,16.07
2021-10-01,15.3,9.4,0.1,19.6,17.2
2021-10-02,15.4,8.6,0.2,11.9,17.61
2021-10-03,16.4,10.2,1.5,30.8,16.73
2021-10-04,18.4,13.5,27.1,34.8,12.46
2021-10-05,18.6,12.6,2.2,16.3,16.83
2021-10-06,17.5,13.7,0.5,25.1,13.78
2021-10-07,16.3,14.6,38.2,32.5,5.34
2021-10-08,17.2,13.3,2.6,32.6,20.05
2021-10-09,16.4,13.2,0.1,27.8,20.62
2021-10-10,16.5,12.6,0.4,31.8,21.97
2021-10-11,16.2,12.3,0.4,24.9,18.79
2021-10-12,15.4,12.0,12.7,38.6,18.63
2021-10-13,14.5,10.0,0.4,31.3,23.45
2021-10-14,15.0,8.1,0.0,21.6,26.11
2021-10-15,16.3,7.6,0.0,21.0,23.66
2021-10-16,16.9,9.0,0.0,19.5,26.09
2021-10-17,17.5,14.2,5.3,37.4,13.06
2021-10-18,19.1,13.3,8.6,24.8,23.6
2021-10-19,18.3,11.0,0.0,17.5,24.76
2021-10-20,18.5,11.2,0.0,26.4,23.32
2021-10-21,16.5,14.4,2.0,29.8,8.52
2021-10-22,15.9,13.4,11.1,41.7,12.3
2021-10-23,14.8,13.1,8.1,41.6,5.96
2021-10-24,16.1,14.1,13.6,36.9,7.81
2021-10-25,18.7,15.6,1.8,28.4,17.94
2021-10-26,20.1,15.4,0.2,15.5,21.19
2021-10-27,18.7,16.0,7.0,20.8,12.87
2021-10-28,18.3,14.4,25.1,24.7,10.63
2021-10-29,17.9,13.9,4.0,23.6,23.58
2021-10-30,19.8,13.9,19.7,30.9,15.74
2021-10-31,17.7,14.4,7.0,29.5,17.41
2021-11-01,17.4,11.6,0.6,24.4,24.4
2021-11-02,17.5,10.6,0.2,30.9,23.97
2021-11-03,14.7,12.5,8.8,32.0,6.42
2021-11-04,20.8,11.8,0.1,26.6,19.09
2021-11-05,20.2,13.9,22.0,24.0,16.17
2021-11-06,20.3,13.6,7.6,14.4,25.4
2021-11-07,22.0,14.2,1.0,13.3,25.53
2021-11-08,20.1,13.0,0.2,15.1,24.92
2021-11-09,20.7,13.5,0.0,16.6,29.11
2021-11-10,21.7,12.7,1.2,7.9,27.12
2021-11-11,22.8,15.3,0.3,8.9,27.29
2021-11-12,21.3,14.1,2.6,19.1,18.32
2021-11-13,20.7,18.1,19.3,28.8,6.11
2021-11-14,21.7,17.5,7.1,34.8,15.61
2021-11-15,21.0,16.6,0.4,30.3,26.83
2021-11-16,20.8,16.0,1.9,27.9,23.86
2021-11-17,18.4,14.7,2.8,23.5,16.78
2021-11-18,19.0,13.4,0.1,19.3,28.21
2021-11-19,20.3,11.6,0.0,20.0,30.84
2021-11-20,20.2,12.1,0.2,19.5,27.66
2021-11-21,20.8,16.7,0.5,27.7,26.1
2021-11-22,21.8,16.7,4.2,17.3,22.06
2021-11-23,21.6,16.2,3.2,18.8,27.25
2021-11-24,19.4,16.1,13.4,15.8,19.66
2021-11-25,19.5,13.8,1.6,15.9,22.61
2021-11-26,22.1,13.6,0.0,16.3,29.35
2021-11-27,22.0,16.4,0.8,12.9,26.22
2021-11-28,21.2,15.5,2.1,12.4,19.14
2021-11-29,22.3,16.3,0.0,15.2,30.5
2021-11-30,22.9,16.1,1.2,17.3,24.75
2021-12-01,21.4,16.9,3.6,10.3,14.67
2021-12-02,21.6,18.2,1.3,21.9,22.73
2021-12-03,22.5,17.7,0.1,23.5,27.8
2021-12-04,20.3,17.3,7.0,25.8,8.23
2021-12-05,22.1,17.9,2.3,31.4,22.42
2021-12-06,22.2,19.6,10.5,29.4,22.32
2021-12-07,21.9,18.8,0.9,23.5,15.38
2021-12-08,23.6,16.5,1.0,11.9,28.15
2021-12-09,24.6,17.1,0.1,11.8,25.69
2021-12-10,24.4,19.2,0.7,15.2,28.03
2021-12-11,22.8,18.4,2.4,26.7,25.65
2021-12-12,21.8,20.2,30.7,17.7,6.02
2021-12-13,22.1,19.4,40.4,29.2,11.88
2021-12-14,21.7,19.5,27.0,48.0,9.91
2021-12-15,23.1,18.9,4.0,44.1,22.72
2021-12-16,21.6,18.5,3.4,26.3,25.15
2021-12-17,20.9,17.2,1.9,32.6,26.15
2021-12-18,20.2,16.6,0.2,32.8,26.92
2021-12-19,20.4,15.3,0.0,22.1,26.11
2021-12-20,22.4,13.6,0.0,15.9,31.37
2021-12-21,23.5,15.3,0.3,19.9,29.35
2021-12-22,22.0,17.9,0.0,23.4,28.38
2021-12-23,22.5,18.1,0.3,32.7,27.6
2021-12-24,22.0,17.5,0.0,30.4,32.84
2021-12-25,25.2,17.8,0.0,25.6,32.27
2021-12-26,24.3,18.7,0.1,15.1,30.23
2021-12-27,22.7,19.4,0.0,22.9,21.64
2021-12-28,22.9,19.8,2.2,23.5,20.03
2021-12-29,21.1,17.7,3.2,32.8,29.98
2021-12-30,21.0,17.6,0.1,31.0,26.14
2021-12-31,21.3,17.5,0.0,27.7,24.97
2022-01-01,22.2,17.8,0.0,29.0,32.2
2022-01-02,24.5,16.0,0.0,27.1,32.6
2022-01-03,24.7,16.0,0.0,25.4,30.46
2022-01-04,25.9,17.6,0.0,16.1,32.2
2022-01-05,24.5,17.7,0.0,26.8,31.17
2022-01-06,24.2,19.2,0.0,24.1,26.79
2022-01-07,22.4,18.7,3.1,18.3,18.61
2022-01-08,24.6,16.5,1.6,13.6,25.92
2022-01-09,25.4,18.1,0.9,19.7,28.48
2022-01-10,24.5,19.5,0.0,17.8,23.45
2022-01-11,25.2,17.2,0.0,18.7,31.15
2022-01-12,23.7,18.9,1.1,24.3,29.9
2022-01-13,24.7,18.0,0.4,31.2,27.9
2022-01-14,23.4,16.6,0.1,24.0,30.75
2022-01-15,24.1,16.7,0.0,19.8,26.58
2022-01-16,26.8,16.0,0.0,28.0,29.69
2022-01-17,24.4,15.9,0.0,29.0,32.24
2022-01-18,24.2,18.8,0.0,22.7,30.58
2022-01-19,25.9,17.4,1.2,19.3,27.31
2022-01-20,22.8,18.5,0.8,24.3,14.33
2022-01-21,22.0,17.4,0.0,28.8,26.67
2022-01-22,24.1,14.3,0.1,21.7,29.39
2022-01-23,23.4,16.4,0.2,17.0,19.74
2022-01-24,20.3,18.8,12.2,25.7,6.54
2022-01-25,24.9,19.3,4.6,32.5,17.44
2022-01-26,25.7,19.3,10.3,20.2,25.32
2022-01-27,22.6,18.9,0.6,37.7,30.06
2022-01-28,23.4,17.3,0.0,26.4,29.94
2022-01-29,23.5,15.8,0.0,18.5,23.05
2022-01-30,24.8,16.7,0.0,21.5,29.12
2022-01-31,24.8,16.2,0.0,32.3,26.97
2022-02-01,24.3,20.8,0.1,34.6,24.34
2022-02-02,24.5,20.9,0.2,36.8,21.64
2022-02-03,24.6,20.8,0.3,32.6,20.37
2022-02-04,24.8,20.5,0.4,32.8,25.17
2022-02-05,24.3,21.3,0.6,38.0,19.7
2022-02-06,24.4,21.7,28.4,34.2,6.64
2022-02-07,23.2,20.2,38.6,31.3,10.39
2022-02-08,26.3,22.0,3.8,28.7,19.21
2022-02-09,24.8,22.0,1.3,30.1,17.14
2022-02-10,24.9,21.9,0.5,27.7,25.77
2022-02-11,25.0,22.1,8.6,27.6,11.16
2022-02-12,25.9,23.3,0.6,43.1,16.66
2022-02-13,24.7,17.2,0.7,56.2,16.71
2022-02-14,22.1,15.7,0.3,24.2,26.49
2022-02-15,21.2,14.2,0.0,18.6,28.54
2022-02-16,21.5,17.4,0.1,23.1,26.03
2022-02-17,22.1,14.7,0.8,14.2,20.11
2022-02-18,23.4,17.3,0.5,17.2,26.72
2022-02-19,22.9,19.1,0.9,16.7,18.56
2022-02-20,24.0,17.5,0.9,12.0,23.03
2022-02-21,24.2,17.1,0.3,16.1,23.89
2022-02-22,24.5,18.9,0.8,16.4,24.8
2022-02-23,27.2,17.9,0.0,17.7,25.19
2022-02-24,26.1,17.0,0.9,15.1,24.79
2022-02-25,24.7,17.0,0.5,25.8,25.24
2022-02-26,23.6,16.5,0.0,17.2,23.37
2022-02-27,23.5,15.2,0.2,17.9,21.66
2022-02-28,22.7,17.5,0.4,15.5,19.59
2022-03-01,23.3,17.9,0.5,10.6,18.71
2022-03-02,22.9,17.1,1.7,20.9,22.67
2022-03-03,22.2,15.2,0.0,22.9,22.45
2022-03-04,23.2,16.5,0.1,23.0,17.24
2022-03-05,23.7,17.4,0.0,25.1,17.12
2022-03-06,24.0,17.9,0.0,24.9,21.09
2022-03-07,24.8,16.2,0.0,16.6,21.29
2022-03-08,24.3,17.3,0.0,24.2,20.26
2022-03-09,24.0,17.4,0.0,23.3,21.01
2022-03-10,23.4,17.3,0.0,23.4,18.43
2022-03-11,23.2,17.8,0.0,23.8,19.1
2022-03-12,24.2,17.0,0.1,18.8,16.45
2022-03-13,25.4,18.7,5.7,16.0,14.53
2022-03-14,25.2,13.9,0.0,24.6,22.85
2022-03-15,24.5,15.8,0.4,14.8,20.53
2022-03-16,23.9,16.5,0.3,13.7,19.31
2022-03-17,23.0,13.9,0.2,16.4,22.56
2022-03-18,20.9,16.5,2.3,17.5,14.23
2022-03-19,20.6,14.9,2.0,27.1,16.99
2022-03-20,21.4,18.9,3.6,45.8,8.2
2022-03-21,24.5,18.0,40.0,43.3,15.02
2022-03-22,22.1,19.6,8.2,28.6,13.85
2022-03-23,21.1,18.2,7.8,18.3,13.76
2022-03-24,21.3,17.7,0.9,51.4,16.81
2022-03-25,20.2,17.5,0.2,47.2,13.58
2022-03-26,21.1,16.4,0.0,32.7,20.07
2022-03-27,21.3,13.8,0.0,17.6,12.61
2022-03-28,21.6,12.9,0.0,18.6,19.49
2022-03-29,24.1,14.9,0.0,19.9,19.14
2022-03-30,25.1,15.7,0.1,15.3,18.53
2022-03-31,23.5,15.8,0.0,18.9,18.51
2022-04-01,22.3,17.2,0.0,17.8,15.12
2022-04-02,22.6,16.5,1.7,15.3,16.46
2022-04-03,22.9,16.8,0.1,11.9,14.66
2022-04-04,22.6,16.4,0.0,6.5,15.78
2022-04-05,22.0,17.0,4.9,20.7,10.86
2022-04-06,22.8,18.7,3.6,24.7,13.92
2022-04-07,21.1,13.3,0.3,25.3,16.95
2022-04-08,20.1,11.2,0.0,17.6,16.11
2022-04-09,21.1,15.0,0.0,18.1,17.65
2022-04-10,21.5,12.9,0.0,11.4,16.59
2022-04-11,20.5,12.3,0.1,16.2,15.48
2022-04-12,20.9,17.3,0.8,25.6,9.01
2022-04-13,20.1,15.3,4.0,34.1,8.6
2022-04-14,18.2,12.9,0.0,25.6,17.73
2022-04-15,19.1,9.2,0.0,13.1,17.28
2022-04-16,20.4,11.8,0.4,9.3,14.25
2022-04-17,20.9,12.9,0.0,30.8,12.84
2022-04-18,19.3,17.2,20.7,34.7,4.13
2022-04-19,20.7,18.3,27.3,34.3,7.69
2022-04-20,21.6,19.2,0.9,28.1,13.63
2022-04-21,21.6,19.1,0.9,29.1,12.8
2022-04-22,20.6,16.3,3.3,40.1,10.65
2022-04-23,17.7,14.3,0.0,31.6,15.27
2022-04-24,18.9,15.6,1.0,34.1,12.19
2022-04-25,18.2,13.7,1.3,23.2,11.17
2022-04-26,19.2,10.7,0.0,12.5,14.0
2022-04-27,19.0,13.3,0.2,19.9,11.97
2022-04-28,19.1,12.3,0.3,12.3,13.62
2022-04-29,18.4,11.7,0.1,15.5,13.03
2022-04-30,18.3,11.2,0.5,20.3,13.12
2022-05-01,19.0,13.7,0.2,21.8,12.04
2022-05-02,19.8,12.9,0.3,15.5,12.99
2022-05-03,19.5,11.2,0.0,10.5,10.87
2022-05-04,19.1,12.0,0.4,17.6,10.56
2022-05-05,19.5,12.5,0.4,20.5,11.71
2022-05-06,19.6,10.8,0.0,16.7,12.82
2022-05-07,18.9,10.6,0.0,9.8,11.55
2022-05-08,19.3,11.9,0.0,9.0,11.22
2022-05-09,19.0,12.2,2.5,20.0,7.32
2022-05-10,18.3,13.0,0.4,23.7,10.44
2022-05-11,15.4,8.6,0.0,15.3,12.99
2022-05-12,15.1,6.9,0.0,12.7,12.76
2022-05-13,16.1,8.5,0.0,8.9,11.67
2022-05-14,17.9,11.4,0.1,22.6,7.48
2022-05-15,19.4,15.7,0.0,30.1,8.35
2022-05-16,19.9,17.4,1.4,30.6,6.55
2022-05-17,20.6,16.9,3.6,26.3,7.1
2022-05-18,19.3,16.6,2.3,24.6,7.61
2022-05-19,19.0,15.4,12.8,26.5,2.96
2022-05-20,17.4,13.7,0.8,45.8,8.83
2022-05-21,16.5,14.4,0.0,39.2,9.31
2022-05-22,16.9,15.1,0.2,30.7,9.61
2022-05-23,16.6,10.5,0.3,25.5,10.58
2022-05-24,16.1,10.1,0.3,18.4,7.35
2022-05-25,17.3,14.3,0.0,27.7,10.06
2022-05-26,16.2,11.0,0.0,15.6,9.47
2022-05-27,15.4,8.3,0.0,11.2,9.22
2022-05-28,16.6,7.6,0.0,17.5,10.76
2022-05-29,17.4,14.0,3.7,38.2,6.37
2022-05-30,19.7,15.1,53.9,47.7,5.13
2022-05-31,18.3,14.3,5.9,36.4,8.98
2022-06-01,19.6,16.0,4.4,33.4,9.01
2022-06-02,16.2,13.6,14.0,30.1,4.03
2022-06-03,16.5,13.1,3.3,29.8,7.6
2022-06-04,16.5,10.9,0.4,20.9,9.67
2022-06-05,15.4,12.7,8.2,30.0,2.27
2022-06-06,16.7,13.1,16.1,21.7,4.96
2022-06-07,17.6,10.3,1.5,26.8,6.29
2022-06-08,17.9,12.9,0.3,22.6,9.3
2022-06-09,16.0,13.0,1.9,34.9,4.25
2022-06-10,15.2,12.6,4.6,33.1,5.14
2022-06-11,16.0,12.5,6.3,32.2,6.39
2022-06-12,16.3,12.5,7.2,35.3,6.68
2022-06-13,14.9,12.4,7.0,42.6,7.41
2022-06-14,16.0,13.4,0.0,40.3,8.28
2022-06-15,15.8,13.6,2.1,27.9,6.56
2022-06-16,16.6,12.1,0.1,21.4,8.68
2022-06-17,16.3,11.9,0.2,11.8,5.98
2022-06-18,15.6,9.5,17.6,24.1,2.52
2022-06-19,15.9,11.0,0.6,17.6,7.58
2022-06-20,12.7,9.2,0.0,24.6,4.85
2022-06-21,12.1,6.8,0.0,26.6,9.0
2022-06-22,12.7,6.3,0.0,16.1,9.55
2022-06-23,13.8,5.1,0.0,12.6,9.35
2022-06-24,14.4,11.1,12.8,31.5,4.59
2022-06-25,16.0,10.5,2.9,27.5,6.72
2022-06-26,15.8,10.2,0.6,18.3,7.84
2022-06-27,15.2,9.2,0.0,18.1,9.49
2022-06-28,14.7,8.5,0.0,13.3,7.57
2022-06-29,14.6,11.7,9.0,31.1,3.01
2022-06-30,15.3,11.6,0.0,34.6,8.49
2022-07-01,15.4,11.8,1.2,26.7,7.18
2022-07-02,14.5,10.5,0.0,19.6,8.36
2022-07-03,14.9,9.7,0.3,18.9,7.88
2022-07-04,15.3,10.1,0.0,16.9,8.51
2022-07-05,16.1,10.3,27.8,35.7,1.8
2022-07-06,15.6,11.4,2.0,22.5,4.58
2022-07-07,15.2,13.6,11.4,35.7,3.38
2022-07-08,18.7,14.0,34.1,39.3,2.83
2022-07-09,17.4,14.0,0.4,31.1,9.28
2022-07-10,17.8,12.3,0.3,20.5,7.91
2022-07-11,16.4,12.7,15.8,43.0,2.33
2022-07-12,16.9,14.2,38.4,51.4,4.86
2022-07-13,15.7,13.1,1.9,30.1,4.77
2022-07-14,14.4,10.4,19.4,26.5,3.45
2022-07-15,15.5,8.6,6.0,22.4,9.29
2022-07-16,13.6,9.9,1.2,23.9,8.93
2022-07-17,14.0,7.3,0.1,14.1,10.35
2022-07-18,14.8,7.4,0.0,26.1,6.21
2022-07-19,15.9,13.2,6.4,33.0,6.72
2022-07-20,15.9,10.4,12.1,23.5,8.3
2022-07-21,13.8,9.8,1.3,34.1,8.88
2022-07-22,12.9,6.3,0.0,27.1,11.43
2022-07-23,13.7,7.1,0.0,21.2,10.47
2022-07-24,13.7,11.7,7.1,38.6,3.1
2022-07-25,15.9,12.3,38.7,50.8,1.95
2022-07-26,15.9,12.8,19.3,44.1,6.67
2022-07-27,16.0,12.0,2.0,36.9,10.24
2022-07-28,15.1,12.8,5.7,32.8,8.86
2022-07-29,15.3,10.1,0.3,25.3,10.31
2022-07-30,15.6,10.1,1.6,27.8,11.0
2022-07-31,13.1,10.4,1.0,40.9,10.27
2022-08-01,14.3,8.8,0.2,26.3,11.46
2022-08-02,14.8,7.7,0.0,16.9,9.47
2022-08-03,17.0,10.5,0.5,15.8,10.72
2022-08-04,16.3,9.7,0.0,9.6,12.11
2022-08-05,15.4,7.9,0.0,9.8,11.89
2022-08-06,15.5,7.0,0.0,17.4,11.04
2022-08-07,15.1,10.9,20.7,23.5,2.67
2022-08-08,14.6,7.9,4.1,17.3,10.31
2022-08-09,13.9,10.3,16.6,13.7,8.38
2022-08-10,13.2,7.7,4.2,8.8,8.42
2022-08-11,13.1,7.5,0.0,15.2,13.23
2022-08-12,11.8,5.5,0.0,24.8,14.13
2022-08-13,12.9,8.8,1.2,18.8,8.96
2022-08-14,13.5,7.0,0.0,9.7,10.18
2022-08-15,14.3,9.3,0.9,21.7,6.57
2022-08-16,16.9,13.5,0.6,38.4,10.43
2022-08-17,17.0,15.1,12.3,43.2,5.91
2022-08-18,16.6,15.8,68.3,49.6,2.31
2022-08-19,17.1,16.0,23.3,38.5,4.66
2022-08-20,19.6,13.9,9.3,42.0,10.79
2022-08-21,18.4,12.6,1.2,19.6,12.16
2022-08-22,16.1,11.7,15.3,21.2,11.1
2022-08-23,15.7,10.2,2.0,24.0,13.77
2022-08-24,15.0,9.4,1.1,15.0,10.77
2022-08-25,15.8,10.2,11.7,43.9,3.68
2022-08-26,16.4,13.2,3.0,34.1,11.9
2022-08-27,15.1,11.9,0.0,27.1,15.03
2022-08-28,15.8,8.7,0.0,11.2,16.05
2022-08-29,15.4,8.7,0.1,16.9,15.8
2022-08-30,15.0,7.7,0.2,11.5,15.1
2022-08-31,15.4,6.2,0.3,11.7,16.43
2022-09-01,15.5,9.3,0.2,14.7,16.29
2022-09-02,15.4,8.2,0.0,17.4,16.47
2022-09-03,16.8,9.3,14.1,29.3,13.38
2022-09-04,15.7,10.5,1.1,22.6,14.35
2022-09-05,16.2,9.5,42.2,33.9,3.12
2022-09-06,12.1,5.9,1.1,38.6,18.95
2022-09-07,14.3,7.0,0.0,9.8,12.14
2022-09-08,15.0,6.8,0.0,10.6,16.89
2022-09-09,15.8,6.7,0.1,7.8,17.57
2022-09-10,14.4,9.4,1.3,17.0,10.72
2022-09-11,15.9,9.2,3.7,24.8,15.59
2022-09-12,16.7,13.9,5.3,36.9,14.82
2022-09-13,16.9,12.5,2.9,33.0,15.23
2022-09-14,14.8,8.5,0.6,18.1,17.89
2022-09-15,14.0,7.3,0.2,18.8,17.96
2022-09-16,14.8,10.0,0.2,29.0,14.98
2022-09-17,15.4,8.9,0.0,21.1,17.66
2022-09-18,16.2,9.4,0.0,21.4,18.33
2022-09-19,17.1,14.2,17.1,33.1,8.15
2022-09-20,17.6,13.2,23.8,28.1,14.84
2022-09-21,17.8,12.1,2.2,18.2,17.35
2022-09-22,16.1,10.6,12.6,16.9,10.99
2022-09-23,15.9,9.8,4.3,17.9,15.17
2022-09-24,16.7,10.0,0.9,24.0,18.44
2022-09-25,19.4,11.6,0.1,20.1,19.98
2022-09-26,15.4,12.4,0.2,33.9,14.25
2022-09-27,16.4,13.0,0.4,34.4,11.89
2022-09-28,16.6,13.4,0.9,28.0,13.59
2022-09-29,17.2,14.8,1.9,25.4,9.94
2022-09-30,18.4,15.2,14.1,19.5,7.59
2022-10-01,16.7,15.3,42.7,38.3,4.65
2022-10-02,16.9,14.5,4.8,24.2,12.76
2022-10-03,16.4,13.7,2.8,34.7,10.22
2022-10-04,16.3,12.0,2.4,14.8,14.86
2022-10-05,15.6,11.5,1.1,36.4,14.4
2022-10-06,12.6,10.0,1.4,43.8,21.64
2022-10-07,14.3,4.6,0.0,16.6,24.78
2022-10-08,16.1,8.9,0.0,17.9,20.34
2022-10-09,16.3,11.4,0.2,24.4,16.48
2022-10-10,16.5,12.6,0.2,24.2,18.84
2022-10-11,17.4,10.1,0.0,17.6,20.16
2022-10-12,17.8,12.6,0.2,9.9,13.74
2022-10-13,17.4,11.6,2.5,14.0,20.85
2022-10-14,15.8,12.0,5.1,22.9,16.2
2022-10-15,17.2,10.2,0.1,18.1,20.83
2022-10-16,15.9,8.4,0.1,28.8,24.05
2022-10-17,18.0,12.2,9.3,19.3,13.78
2022-10-18,17.0,13.0,0.8,25.3,21.89
2022-10-19,15.4,11.9,0.5,29.1,21.78
2022-10-20,16.6,12.3,2.2,29.6,19.65
2022-10-21,17.5,13.1,1.2,26.6,22.65
2022-10-22,17.0,10.4,0.2,17.9,26.48
2022-10-23,18.9,9.5,0.0,20.6,26.2
2022-10-24,18.0,11.7,0.0,29.0,24.42
2022-10-25,17.9,12.4,0.3,21.4,18.24
2022-10-26,17.7,13.5,1.4,20.7,21.24
2022-10-27,18.6,11.5,0.0,22.9,25.44
2022-10-28,19.0,14.6,1.7,30.3,23.08
2022-10-29,20.2,16.7,7.1,29.2,17.33
2022-10-30,18.3,15.1,55.3,26.6,4.15
2022-10-31,20.5,14.4,1.8,18.4,20.52
2022-11-01,21.1,14.0,1.1,10.8,26.26
2022-11-02,19.8,12.8,0.0,29.8,27.87
2022-11-03,20.0,15.8,3.0,29.3,7.71
2022-11-04,19.5,14.0,1.0,20.0,26.59
2022-11-05,18.1,14.2,0.1,28.9,26.38
2022-11-06,19.2,11.2,1.5,27.4,24.63
2022-11-07,18.2,14.3,0.4,27.2,23.59
2022-11-08,18.2,14.0,21.9,26.4,13.72
2022-11-09,19.8,14.7,9.4,25.5,19.58
2022-11-10,21.3,14.5,2.9,30.9,21.95
2022-11-11,19.8,14.0,20.1,41.9,8.83
2022-11-12,20.8,15.8,2.5,18.3,25.29
2022-11-13,18.9,15.4,1.0,23.8,23.28
2022-11-14,20.9,14.1,0.4,19.4,26.22
2022-11-15,20.9,13.7,1.8,12.4,20.78
2022-11-16,21.7,14.8,0.4,16.5,26.3
2022-11-17,18.8,16.4,23.8,24.4,9.49
2022-11-18,19.4,15.8,21.8,29.6,10.84
2022-11-19,19.7,14.9,4.0,28.1,24.79
2022-11-20,19.4,15.4,7.8,29.1,22.63
2022-11-21,19.6,15.9,6.2,33.6,13.49
2022-11-22,20.8,15.6,18.9,33.1,14.87
2022-11-23,19.0,13.1,2.2,40.1,28.44
2022-11-24,18.3,13.0,13.8,35.3,22.15
2022-11-25,18.2,12.4,1.7,33.6,27.66
2022-11-26,19.7,13.4,0.8,17.3,23.96
2022-11-27,18.5,13.3,8.0,29.5,12.4
2022-11-28,18.0,13.1,0.9,28.7,25.08
2022-11-29,19.5,11.7,4.5,24.4,19.43
2022-11-30,19.6,14.8,14.0,30.6,21.63
2022-12-01,17.7,14.7,1.2,41.7,24.41
2022-12-02,18.4,15.0,0.1,26.6,27.55
2022-12-03,19.5,14.1,2.7,17.4,27.4
2022-12-04,18.7,12.6,0.0,20.4,31.02
2022-12-05,18.6,13.0,0.3,20.9,22.25
2022-12-06,19.6,14.2,1.8,14.6,18.84
2022-12-07,18.7,15.2,15.5,33.6,8.59
2022-12-08,18.7,14.7,5.8,35.2,14.53
2022-12-09,20.8,16.7,11.1,40.7,12.69
2022-12-10,21.7,18.0,10.6,24.4,20.61
2022-12-11,20.9,17.3,8.5,22.9,11.72
2022-12-12,22.6,16.0,0.0,15.6,31.77
2022-12-13,22.1,14.9,1.4,24.4,24.2
2022-12-14,20.3,16.7,23.8,34.8,8.16
2022-12-15,22.7,18.1,9.0,26.3,19.26
2022-12-16,23.6,19.4,2.4,14.3,23.24
2022-12-17,20.7,17.9,23.8,16.7,7.38
2022-12-18,22.7,17.5,3.4,15.5,25.19
2022-12-19,22.6,15.1,0.6,11.7,30.95
2022-12-20,23.2,16.4,0.8,13.7,27.51
2022-12-21,22.1,15.4,0.3,12.7,27.41
2022-12-22,22.6,16.2,3.9,14.1,27.12
2022-12-23,22.7,15.8,1.7,18.0,29.44
2022-12-24,21.9,17.1,0.1,14.5,24.53
2022-12-25,22.2,15.6,2.4,17.5,28.18
2022-12-26,22.5,17.0,2.8,10.7,25.26
2022-12-27,23.6,17.1,3.2,11.6,29.15
2022-12-28,24.2,17.5,0.1,15.8,29.9
2022-12-29,23.5,18.5,2.1,19.5,26.14
2022-12-30,22.6,17.5,0.0,26.0,31.46
2022-12-31,23.3,17.4,4.9,27.6,28.75
2023-01-01,21.3,16.4,0.2,22.5,23.2
2023-01-02,20.2,16.8,1.1,33.4,19.31
2023-01-03,21.6,17.3,0.9,39.7,22.54
2023-01-04,19.9,18.4,19.1,48.6,8.11
2023-01-05,20.3,19.0,27.6,48.2,6.9
2023-01-06,21.3,19.6,7.7,35.2,7.56
2023-01-07,23.0,18.5,12.8,24.7,9.46
2023-01-08,25.7,17.9,9.6,12.2,27.78
2023-01-09,24.2,19.3,4.6,28.1,23.0
2023-01-10,19.7,17.1,34.4,35.9,6.17
2023-01-11,20.6,17.1,10.2,42.4,15.59
2023-01-12,20.7,17.3,8.6,30.9,17.85
2023-01-13,20.6,16.7,1.4,12.5,21.93
2023-01-14,21.4,17.5,4.5,10.6,23.76
2023-01-15,22.8,17.6,0.5,16.2,27.69
2023-01-16,21.3,16.0,1.5,15.1,27.96
2023-01-17,21.5,15.1,3.9,8.3,25.06
2023-01-18,23.8,14.4,1.6,22.2,29.37
2023-01-19,23.9,15.6,0.2,15.3,27.89
2023-01-20,22.4,18.4,0.8,25.2,29.42
2023-01-21,22.9,18.4,0.5,22.2,24.19
2023-01-22,23.8,17.1,0.2,18.5,27.87
2023-01-23,22.0,17.2,0.0,20.7,30.94
2023-01-24,21.7,17.5,0.2,24.2,18.51
2023-01-25,21.9,18.7,0.2,26.0,21.94
2023-01-26,22.7,17.9,1.1,32.4,25.23
2023-01-27,20.7,19.2,84.0,45.8,4.82
2023-01-28,22.9,19.8,31.1,32.4,15.53
2023-01-29,22.9,20.2,10.6,33.0,12.92
2023-01-30,21.3,20.0,5.6,32.6,10.31
2023-01-31,21.2,20.0,13.2,44.0,9.55
2023-02-01,23.7,19.7,21.5,43.5,21.2
2023-02-02,23.8,20.6,7.2,33.5,21.53
2023-02-03,22.9,20.3,26.6,33.1,10.84
2023-02-04,23.2,20.5,1.9,19.9,16.62
2023-02-05,23.6,20.0,2.8,27.7,22.92
2023-02-06,22.3,19.0,6.0,23.1,12.64
2023-02-07,22.2,17.5,0.0,21.8,26.24
2023-02-08,22.5,18.0,1.0,22.7,24.8
2023-02-09,21.1,17.7,0.4,26.9,26.84
2023-02-10,22.0,15.5,1.1,21.5,25.89
2023-02-11,21.0,18.3,0.7,32.3,17.39
2023-02-12,18.9,17.3,23.8,42.7,3.51
2023-02-13,18.3,16.9,95.0,50.8,2.87
2023-02-14,21.0,17.4,27.0,62.1,12.36
2023-02-15,22.3,18.1,0.4,40.0,24.6
2023-02-16,21.0,16.8,0.8,15.7,20.94
2023-02-17,22.2,15.9,0.2,24.0,26.57
2023-02-18,21.9,13.9,0.8,13.7,22.99
2023-02-19,22.7,15.6,0.1,15.4,24.15
2023-02-20,23.0,17.3,0.0,20.0,22.96
2023-02-21,23.6,15.5,0.4,13.2,23.81
2023-02-22,22.5,17.4,2.6,17.2,22.96
2023-02-23,22.0,16.9,8.8,20.1,17.41
2023-02-24,18.8,15.9,39.2,25.3,8.08
2023-02-25,21.6,15.9,6.8,31.9,19.07
2023-02-26,21.9,15.2,2.3,17.7,22.92
2023-02-27,20.7,16.7,7.4,14.6,15.06
2023-02-28,21.5,13.9,0.6,21.2,23.92
2023-03-01,22.6,16.2,1.4,13.2,23.32
2023-03-02,22.2,15.5,0.0,19.0,24.44
2023-03-03,23.2,14.8,0.0,19.5,22.47
2023-03-04,22.9,17.8,0.1,23.1,22.29
2023-03-05,21.6,16.2,0.0,21.1,23.18
2023-03-06,21.8,15.7,1.9,16.6,22.12
2023-03-07,21.8,14.2,1.3,18.3,22.79
2023-03-08,21.0,13.6,0.0,18.2,24.18
2023-03-09,22.6,14.5,0.1,18.9,17.32
2023-03-10,22.1,18.2,20.0,28.4,12.27
2023-03-11,21.1,17.9,0.0,31.9,22.2
2023-03-12,21.5,17.4,0.1,17.6,21.19
2023-03-13,21.5,17.1,3.1,27.8,9.53
2023-03-14,20.2,14.1,0.0,20.8,23.71
2023-03-15,21.0,13.7,0.0,13.6,23.1
2023-03-16,21.6,15.3,1.1,30.8,14.94
2023-03-17,23.5,18.5,37.6,28.5,13.84
2023-03-18,21.5,16.9,1.7,21.8,20.49
2023-03-19,21.0,14.4,0.0,21.7,19.04
2023-03-20,20.9,14.1,0.2,12.2,16.28
2023-03-21,22.0,15.5,15.2,29.1,8.9
2023-03-22,18.2,14.5,0.4,27.7,21.36
2023-03-23,19.9,11.3,0.0,16.2,19.98
2023-03-24,19.3,12.3,0.3,5.2,15.17
2023-03-25,20.6,13.8,0.4,13.7,15.01
2023-03-26,21.9,14.5,0.5,18.7,14.95
2023-03-27,20.6,17.2,12.7,7.3,12.49
2023-03-28,20.1,15.2,1.3,21.9,14.86
2023-03-29,16.8,11.9,0.6,29.7,21.01
2023-03-30,18.8,9.7,0.0,25.0,19.59
2023-03-31,18.4,12.6,0.0,22.1,17.65
2023-04-01,21.2,17.0,14.3,30.3,9.56
2023-04-02,21.7,16.5,1.8,16.6,16.82
2023-04-03,19.3,16.4,0.2,27.1,17.42
2023-04-04,19.3,12.2,0.0,20.6,18.94
2023-04-05,19.6,12.8,0.1,9.7,16.49
2023-04-06,17.3,11.5,44.4,18.6,4.54
2023-04-07,21.9,14.8,3.5,22.2,15.93
2023-04-08,19.9,13.1,0.0,22.1,17.97
2023-04-09,20.3,12.1,15.4,38.2,9.59
2023-04-10,22.3,16.6,4.7,21.8,14.68
2023-04-11,21.0,15.8,4.8,36.5,13.73
2023-04-12,20.5,14.8,3.0,23.1,11.76
2023-04-13,19.3,14.4,1.4,11.0,12.86
2023-04-14,20.3,16.5,0.8,27.7,13.35
2023-04-15,19.3,16.2,0.0,38.6,12.0
2023-04-16,19.6,17.4,0.0,41.6,10.71
2023-04-17,20.1,16.8,0.1,36.5,14.63
2023-04-18,20.9,17.7,0.3,31.1,11.6
2023-04-19,21.2,18.5,0.9,27.4,12.3
2023-04-20,21.9,18.8,0.1,23.9,11.61
2023-04-21,20.3,18.8,18.2,36.4,4.22
2023-04-22,21.6,18.3,7.7,35.4,5.2
2023-04-23,19.8,16.8,1.5,23.2,9.59
2023-04-24,17.4,11.2,0.7,44.7,13.86
2023-04-25,17.8,8.5,0.1,32.3,10.11
2023-04-26,19.1,15.3,0.6,34.7,12.02
2023-04-27,18.1,11.0,0.0,9.9,12.86
2023-04-28,18.3,13.7,1.6,18.8,12.41
2023-04-29,18.4,13.6,0.1,31.8,8.55
2023-04-30,19.1,16.9,14.9,44.2,3.7
2023-05-01,20.4,18.4,20.9,43.5,5.7
2023-05-02,20.4,17.0,4.7,20.5,8.28
2023-05-03,20.0,18.0,15.2,35.7,4.3
2023-05-04,19.8,18.5,24.0,41.2,3.79
2023-05-05,19.5,18.2,3.0,37.0,4.43
2023-05-06,19.3,17.9,1.4,32.0,4.14
2023-05-07,19.1,17.7,2.6,29.6,6.64
2023-05-08,20.1,17.7,2.5,32.9,9.94
2023-05-09,18.9,17.8,44.9,39.6,1.84
2023-05-10,17.5,12.3,1.6,38.3,9.18
2023-05-11,14.1,11.5,2.8,35.4,10.12
2023-05-12,14.6,9.5,0.2,25.6,11.26
2023-05-13,16.6,9.6,0.1,17.2,9.82
2023-05-14,17.1,11.2,1.1,14.6,9.99
2023-05-15,17.0,11.0,2.3,19.9,9.37
2023-05-16,16.0,11.0,0.5,19.1,11.1
2023-05-17,17.5,10.9,0.2,17.0,10.84
2023-05-18,16.6,10.3,4.2,39.8,6.47
2023-05-19,19.0,16.2,12.1,44.0,9.28
2023-05-20,17.3,15.4,3.2,48.0,5.86
2023-05-21,16.6,13.5,0.2,39.7,9.99
2023-05-22,17.1,13.8,8.3,23.5,6.41
2023-05-23,17.2,12.1,12.8,35.7,8.25
2023-05-24,17.1,11.4,0.2,32.3,9.6
2023-05-25,16.6,9.7,0.0,11.1,11.02
2023-05-26,15.9,9.6,0.0,11.8,10.14
2023-05-27,16.4,10.1,2.2,25.5,5.91
2023-05-28,18.1,15.6,0.7,41.8,9.01
2023-05-29,18.4,13.8,18.0,42.3,5.83
2023-05-30,17.6,10.6,0.7,12.5,6.72
2023-05-31,16.9,11.1,0.6,21.3,9.22
2023-06-01,17.9,11.4,0.5,22.9,7.66
2023-06-02,18.1,14.1,4.5,28.8,5.54
2023-06-03,16.2,12.1,0.0,29.6,8.56
2023-06-04,15.8,10.2,5.1,23.1,7.67
2023-06-05,13.9,9.0,5.2,29.6,9.38
2023-06-06,14.5,11.3,14.4,33.2,3.72
2023-06-07,15.9,10.4,0.0,26.3,9.3
2023-06-08,15.7,9.6,0.0,19.3,10.07
2023-06-09,15.4,8.6,0.0,16.9,10.15
2023-06-10,14.8,8.1,0.0,12.8,10.07
2023-06-11,15.2,6.1,0.0,24.5,9.45
2023-06-12,16.0,8.9,0.6,29.2,7.99
2023-06-13,15.1,9.6,0.0,24.4,9.98
2023-06-14,14.1,5.1,0.0,18.7,10.02
2023-06-15,13.0,6.5,0.0,14.6,8.4
2023-06-16,14.5,11.3,7.8,20.4,3.47
2023-06-17,12.4,9.1,18.1,22.6,2.39
2023-06-18,14.2,8.1,2.1,18.2,5.99
2023-06-19,15.2,8.0,0.1,16.6,9.26
2023-06-20,15.7,10.7,1.0,17.2,9.0
2023-06-21,15.9,12.5,1.5,30.7,6.44
2023-06-22,15.1,13.5,18.2,36.1,4.9
2023-06-23,15.9,12.5,4.2,21.6,7.11
2023-06-24,16.3,12.9,6.7,25.3,6.22
2023-06-25,16.6,10.1,2.3,25.8,8.24
2023-06-26,15.7,8.7,5.1,17.3,7.41
2023-06-27,13.8,9.1,0.2,22.4,7.67
2023-06-28,15.3,12.1,5.4,25.9,7.63
2023-06-29,14.7,11.4,3.0,32.4,7.98
2023-06-30,13.9,10.8,10.5,38.0,7.65
2023-07-01,14.3,9.6,1.0,35.6,7.76
2023-07-02,13.9,10.0,1.9,36.2,8.04
2023-07-03,14.9,11.4,0.5,48.9,5.6
2023-07-04,15.3,13.3,0.0,38.8,7.56
2023-07-05,15.2,13.0,0.0,30.3,5.78
2023-07-06,14.9,8.6,0.1,19.3,8.26
2023-07-07,14.4,6.7,17.9,48.0,4.19
2023-07-08,14.7,8.1,8.5,29.7,4.44
2023-07-09,14.6,8.0,0.9,34.3,7.42
2023-07-10,15.1,11.4,1.1,24.1,8.11
2023-07-11,14.6,11.4,1.7,27.9,8.74
2023-07-12,15.4,11.7,0.9,29.3,8.44
2023-07-13,15.0,12.5,0.0,31.9,8.36
2023-07-14,15.3,13.0,0.9,33.8,8.17
2023-07-15,15.8,12.6,0.2,27.6,8.62
2023-07-16,16.4,12.9,0.4,31.3,8.93
2023-07-17,15.1,12.5,0.3,33.9,8.94
2023-07-18,15.4,11.2,0.0,23.7,9.8
2023-07-19,15.1,8.7,0.0,12.2,8.47
2023-07-20,14.6,8.7,4.1,36.9,6.89
2023-07-21,13.8,11.3,27.1,46.0,2.46
2023-07-22,13.3,7.8,0.3,24.5,8.96
2023-07-23,13.7,8.5,0.4,27.8,10.3
2023-07-24,14.5,6.7,1.3,19.2,7.52
2023-07-25,15.0,7.8,1.7,32.4,9.8
2023-07-26,11.6,8.1,3.6,43.5,9.67
2023-07-27,13.9,6.7,0.8,38.2,8.31
2023-07-28,12.2,6.2,0.0,31.7,11.3
2023-07-29,13.3,5.8,0.2,17.0,9.38
2023-07-30,13.4,7.4,1.0,9.8,9.68
2023-07-31,14.2,6.2,1.5,9.2,8.54
2023-08-01,15.7,8.0,0.8,22.5,10.32
2023-08-02,13.6,7.9,5.1,42.4,8.83
2023-08-03,12.1,6.3,0.0,23.3,12.47
2023-08-04,14.4,5.8,0.0,31.2,9.94
2023-08-05,15.6,8.8,0.0,20.6,12.32
2023-08-06,15.3,6.8,0.6,11.5,10.9
2023-08-07,14.2,6.9,0.3,15.6,8.33
2023-08-08,12.2,9.1,2.5,21.1,5.45
2023-08-09,13.4,5.9,0.4,24.9,10.89
2023-08-10,12.8,7.6,0.9,23.8,10.03
2023-08-11,12.3,6.4,0.0,26.7,12.32
2023-08-12,13.4,5.7,0.2,13.1,6.46
2023-08-13,14.3,6.5,1.2,13.8,8.24
2023-08-14,14.7,9.4,6.8,19.8,6.94
2023-08-15,14.1,6.6,1.2,17.3,12.1
2023-08-16,14.3,7.3,2.0,27.9,12.68
2023-08-17,13.5,7.6,0.5,29.4,13.35
2023-08-18,13.8,6.1,0.2,11.0,12.74
2023-08-19,14.1,5.9,2.0,34.9,5.57
2023-08-20,13.6,10.9,20.9,20.0,4.98
2023-08-21,13.7,9.6,1.1,39.9,10.64
2023-08-22,13.9,8.4,0.0,27.1,15.86
2023-08-23,13.8,4.7,0.0,12.6,13.85
2023-08-24,12.9,6.0,0.1,11.9,9.52
2023-08-25,13.7,5.4,0.0,8.1,14.55
2023-08-26,13.4,5.2,0.0,15.8,11.36
2023-08-27,15.2,6.6,1.1,27.1,13.0
2023-08-28,13.5,6.8,0.2,19.1,13.03
2023-08-29,14.2,5.3,0.0,16.0,16.36
2023-08-30,14.3,4.2,2.8,15.7,12.23
2023-08-31,14.6,5.9,0.0,10.5,16.05
2023-09-01,15.6,5.7,0.0,18.4,15.86
2023-09-02,17.2,11.5,0.1,24.0,16.9
2023-09-03,16.2,12.9,0.1,33.4,9.1
2023-09-04,15.1,13.3,11.2,37.0,7.68
2023-09-05,15.9,13.8,6.2,33.9,12.54
2023-09-06,16.8,12.8,3.1,24.8,12.76
2023-09-07,15.6,11.2,7.4,14.8,6.12
2023-09-08,16.5,9.4,0.0,13.3,18.01
2023-09-09,16.7,9.8,0.2,25.4,17.16
2023-09-10,15.5,10.8,0.8,22.0,16.46
2023-09-11,16.0,10.8,12.6,31.6,11.35
2023-09-12,15.3,9.4,0.7,22.4,16.98
2023-09-13,15.5,10.3,0.1,29.8,15.97
2023-09-14,15.0,11.9,0.0,28.6,15.74
2023-09-15,15.0,12.0,4.0,36.6,15.29
2023-09-16,16.3,8.1,0.2,15.3,16.38
2023-09-17,16.7,8.3,0.0,29.2,20.06
2023-09-18,17.1,12.8,1.1,31.9,16.06
2023-09-19,17.6,9.7,0.0,17.6,20.42
2023-09-20,18.5,9.9,0.0,18.1,18.39
2023-09-21,18.9,10.6,0.0,17.1,19.67
2023-09-22,18.2,14.2,1.5,26.0,15.39
2023-09-23,17.7,14.9,20.4,37.8,8.73
2023-09-24,15.7,11.0,7.7,26.2,11.7
2023-09-25,17.3,12.4,9.8,19.6,9.3
2023-09-26,16.5,12.1,14.0,41.0,15.25
2023-09-27,15.0,11.6,2.9,37.0,16.92
2023-09-28,13.6,11.9,9.0,36.4,16.65
2023-09-29,15.0,12.1,0.8,38.4,16.53
2023-09-30,13.9,10.5,12.3,49.9,19.0
2023-10-01,14.9,9.8,0.0,27.6,14.91
2023-10-02,17.2,13.2,3.3,38.3,19.28
2023-10-03,14.9,8.8,0.2,32.4,20.75
2023-10-04,14.8,4.2,0.0,20.8,24.12
2023-10-05,16.2,10.9,0.0,26.7,21.35
2023-10-06,16.2,11.5,0.2,16.7,16.25
2023-10-07,17.2,10.2,6.1,24.0,7.66
2023-10-08,15.9,9.2,6.6,25.6,18.37
2023-10-09,15.4,11.4,0.1,34.9,20.62
2023-10-10,15.7,12.3,0.1,33.5,18.65
2023-10-11,15.3,11.7,0.6,25.6,21.3
2023-10-12,15.0,11.9,0.1,35.8,15.33
2023-10-13,16.8,12.0,0.6,20.4,16.84
2023-10-14,19.1,11.3,4.6,27.9,17.97
2023-10-15,18.2,13.3,0.6,28.1,21.98
2023-10-16,18.3,11.4,3.1,18.9,19.39
2023-10-17,20.7,13.7,15.7,19.9,22.18
2023-10-18,19.2,13.1,0.9,22.9,21.88
2023-10-19,19.4,12.6,0.0,16.8,26.28
2023-10-20,19.3,13.3,1.0,18.5,13.33
2023-10-21,19.7,13.7,0.5,29.0,22.61
2023-10-22,18.7,12.4,0.0,27.7,23.03
2023-10-23,17.2,12.1,2.2,19.8,17.77
2023-10-24,18.9,13.8,5.1,20.9,18.68
2023-10-25,18.9,13.9,4.6,32.8,18.39
2023-10-26,20.4,13.5,0.6,34.0,22.68
2023-10-27,16.8,11.7,7.8,31.7,8.92
2023-10-28,16.4,8.6,0.0,23.7,19.01
2023-10-29,15.6,11.8,3.8,41.1,14.19
2023-10-30,18.3,12.5,25.6,42.9,10.3
2023-10-31,20.3,15.6,21.9,27.8,16.28
2023-11-01,19.7,12.9,0.4,22.7,23.99
2023-11-02,18.8,11.3,6.9,24.6,20.01
2023-11-03,17.9,12.4,13.7,25.6,9.6
2023-11-04,19.3,12.1,1.9,17.4,24.42
2023-11-05,18.7,11.7,1.1,20.4,26.19
2023-11-06,17.8,12.3,0.8,21.2,26.51
2023-11-07,16.4,10.2,1.7,16.2,26.55
2023-11-08,16.7,10.4,6.0,35.5,26.77
2023-11-09,18.5,9.1,0.0,20.7,26.2
2023-11-10,18.5,9.2,2.7,11.7,26.23
2023-11-11,19.0,11.4,0.8,11.8,26.9
2023-11-12,17.8,10.7,0.0,21.5,29.43
2023-11-13,18.5,10.0,0.0,17.1,29.65
2023-11-14,18.4,10.1,4.2,21.1,15.18
2023-11-15,18.6,12.2,0.1,24.7,21.33
2023-11-16,19.8,10.9,2.3,9.8,22.63
2023-11-17,21.7,13.3,5.1,38.1,17.14
2023-11-18,19.1,16.6,19.1,30.4,8.19
2023-11-19,19.7,16.7,24.6,40.6,14.07
2023-11-20,21.9,15.5,15.9,28.2,20.34
2023-11-21,22.4,15.1,4.7,21.1,25.72
2023-11-22,22.2,14.5,1.3,16.3,25.12
2023-11-23,20.7,14.4,0.3,24.2,27.98
2023-11-24,17.1,11.2,2.2,37.8,27.3
2023-11-25,18.0,10.7,0.1,28.7,22.36
2023-11-26,17.7,13.0,0.0,35.6,26.39
2023-11-27,18.3,14.0,0.0,24.2,24.73
2023-11-28,20.2,14.5,0.7,33.4,23.79
2023-11-29,19.0,12.7,0.3,22.2,25.79
2023-11-30,17.6,12.4,0.8,18.1,19.89
2023-12-01,19.5,11.2,0.0,17.5,23.26
2023-12-02,19.9,15.8,1.2,27.8,22.99
2023-12-03,19.8,17.0,6.4,33.6,8.66
2023-12-04,22.1,16.4,4.8,18.0,19.19
2023-12-05,19.6,16.0,7.9,17.4,10.35
2023-12-06,20.3,14.3,0.1,22.2,27.67
2023-12-07,19.6,14.9,0.7,30.0,21.92
2023-12-08,19.5,13.6,0.0,22.5,32.72
2023-12-09,20.7,10.8,0.2,15.3,27.24
2023-12-10,21.0,11.8,0.9,25.9,23.08
2023-12-11,20.9,14.5,0.2,21.7,27.73
2023-12-12,17.9,14.3,0.7,41.8,20.44
2023-12-13,17.8,14.6,1.1,41.5,20.43
2023-12-14,19.4,15.6,0.0,35.2,26.32
2023-12-15,19.7,13.4,0.0,21.2,21.83
2023-12-16,22.1,12.7,0.0,17.0,26.61
2023-12-17,24.0,12.9,0.0,21.3,28.51
2023-12-18,23.9,16.9,2.4,16.4,23.51
2023-12-19,22.8,17.9,1.7,18.4,22.65
2023-12-20,22.9,16.3,0.0,19.9,25.88
2023-12-21,24.0,15.8,0.0,19.1,29.12
2023-12-22,22.8,16.3,0.1,22.2,22.0
2023-12-23,22.8,19.3,13.1,32.7,18.88
2023-12-24,23.3,19.8,24.3,26.9,13.35
2023-12-25,23.4,18.8,8.0,18.8,15.73
2023-12-26,24.4,18.3,2.1,16.2,26.58
2023-12-27,24.0,16.0,0.8,15.3,28.31
2023-12-28,22.6,16.1,2.2,32.1,25.21
2023-12-29,24.8,19.1,25.0,34.9,16.6
2023-12-30,25.3,19.8,1.7,23.9,28.78
2023-12-31,25.0,18.6,17.9,29.1,11.84
2024-01-01,19.8,15.5,0.1,27.1,30.53
2024-01-02,20.1,13.9,0.1,17.4,23.0
2024-01-03,21.6,13.3,0.1,20.2,24.04
2024-01-04,22.0,13.4,0.9,13.7,25.16
2024-01-05,20.8,14.2,6.6,11.3,14.36
2024-01-06,21.5,16.0,21.6,23.0,20.13
2024-01-07,23.2,15.4,2.7,17.3,27.96
2024-01-08,22.8,17.7,0.7,18.3,29.59
2024-01-09,23.5,16.6,0.2,11.9,27.76
2024-01-10,24.1,16.8,0.2,22.1,29.36
2024-01-11,23.6,18.3,0.0,18.6,28.52
2024-01-12,25.2,15.4,0.1,19.2,29.02
2024-01-13,25.1,16.4,0.6,13.3,25.57
2024-01-14,24.2,16.2,0.0,26.5,27.78
2024-01-15,24.2,19.9,14.7,20.8,12.18
2024-01-16,24.8,18.2,3.1,19.3,26.4
2024-01-17,25.2,20.0,1.7,20.3,28.8
2024-01-18,24.8,20.6,0.3,24.8,26.71
2024-01-19,25.0,20.9,3.9,32.2,21.57
2024-01-20,25.2,20.7,0.4,24.0,27.65
2024-01-21,27.0,17.4,0.5,21.4,26.45
2024-01-22,26.8,20.8,1.5,21.3,21.1
2024-01-23,25.3,18.8,8.8,25.1,20.55
2024-01-24,20.9,17.3,0.1,29.4,23.4
2024-01-25,23.5,15.6,0.8,20.5,28.28
2024-01-26,24.7,14.8,0.0,17.3,28.79
2024-01-27,23.8,15.5,2.0,24.2,11.71
2024-01-28,25.8,18.7,27.4,36.5,10.95
2024-01-29,22.0,17.4,1.6,31.6,27.6
2024-01-30,25.7,17.9,1.1,26.4,27.3
2024-01-31,27.3,16.9,0.0,17.7,29.29
2024-02-01,23.5,18.2,0.0,25.7,30.28
2024-02-02,24.3,17.7,3.9,44.4,17.15
2024-02-03,21.1,16.1,6.1,46.3,22.91
2024-02-04,22.3,15.5,0.0,35.4,25.99
2024-02-05,22.8,13.3,0.0,20.8,26.32
2024-02-06,25.0,13.5,0.0,21.8,28.36
2024-02-07,24.5,15.9,0.0,23.0,28.77
2024-02-08,24.0,15.6,0.0,23.3,28.82
2024-02-09,24.6,17.8,0.4,24.9,20.14
2024-02-10,24.6,17.3,1.2,25.4,16.75
2024-02-11,21.0,16.7,0.0,33.0,23.7
2024-02-12,23.4,12.0,0.0,15.2,25.12
2024-02-13,23.1,13.0,0.0,20.8,26.11
2024-02-14,24.2,12.1,0.0,16.6,25.98
2024-02-15,24.7,14.7,0.0,20.9,27.86
2024-02-16,24.5,16.0,0.9,13.4,21.62
2024-02-17,25.4,16.4,3.2,12.7,19.49
2024-02-18,25.2,16.2,0.0,15.0,19.89
2024-02-19,25.8,17.7,0.8,21.3,24.32
2024-02-20,23.9,16.8,1.4,22.9,23.78
2024-02-21,21.8,15.0,0.0,22.7,27.63
2024-02-22,25.2,14.4,0.0,10.8,25.03
2024-02-23,24.4,17.0,0.0,12.5,18.31
2024-02-24,25.7,16.1,9.8,16.2,23.57
2024-02-25,23.4,18.3,20.6,26.4,9.23
2024-02-26,21.0,17.9,13.7,21.3,6.58
2024-02-27,21.8,16.5,1.1,21.9,20.19
2024-02-28,22.5,14.7,0.4,24.4,23.83
2024-02-29,24.1,15.4,0.0,19.0,25.03
2024-03-01,22.4,14.9,0.0,27.4,24.84
2024-03-02,22.1,17.4,0.4,27.1,17.43
2024-03-03,22.0,19.6,9.8,27.5,8.31
2024-03-04,23.2,17.0,16.7,38.8,7.21
2024-03-05,18.9,16.2,1.0,34.8,20.04
2024-03-06,19.7,13.1,0.1,25.3,20.55
2024-03-07,20.2,11.5,0.0,18.8,14.99
2024-03-08,22.1,14.6,0.7,25.4,17.87
2024-03-09,20.3,13.9,0.0,27.9,22.33
2024-03-10,21.7,14.6,0.0,14.3,21.76
2024-03-11,21.2,13.8,0.0,32.8,18.58
2024-03-12,21.8,18.5,4.1,19.8,11.03
2024-03-13,22.6,16.2,0.3,25.5,12.99
2024-03-14,21.7,15.6,4.8,18.4,14.41
2024-03-15,19.6,15.7,16.5,27.0,9.19
2024-03-16,17.9,12.7,0.4,26.2,23.24
2024-03-17,18.8,9.8,0.3,18.0,14.6
2024-03-18,19.4,13.3,0.4,28.4,17.37
2024-03-19,20.2,12.0,0.0,23.3,21.89
2024-03-20,18.5,8.3,0.0,10.9,22.35
2024-03-21,19.6,9.8,0.0,13.8,19.05
2024-03-22,19.7,8.6,0.0,18.0,17.15
2024-03-23,20.1,14.9,7.6,24.4,12.27
2024-03-24,21.6,14.7,0.4,21.6,15.5
2024-03-25,21.2,15.3,0.2,23.8,17.77
2024-03-26,21.5,16.5,1.2,25.3,16.96
2024-03-27,21.3,15.5,2.6,33.4,14.54
2024-03-28,20.0,14.9,1.4,30.6,15.77
2024-03-29,17.2,12.4,2.0,32.6,16.74
2024-03-30,17.8,9.7,1.1,32.6,18.8
2024-03-31,17.9,10.1,0.0,31.9,20.06
2024-04-01,20.6,13.0,0.0,16.1,16.69
2024-04-02,20.5,11.4,0.0,6.5,17.75
2024-04-03,20.5,11.0,0.0,14.4,14.17
2024-04-04,22.5,13.7,0.2,16.6,14.89
2024-04-05,19.6,15.1,3.1,25.7,15.84
2024-04-06,20.4,14.8,1.0,10.2,12.65
2024-04-07,19.2,14.1,0.8,18.9,14.28
2024-04-08,20.8,13.8,0.1,22.9,16.78
2024-04-09,21.2,16.1,1.1,26.0,13.63
2024-04-10,21.4,18.4,2.8,34.6,14.62
2024-04-11,20.9,18.7,3.6,49.8,4.22
2024-04-12,22.2,15.5,28.2,55.7,11.31
2024-04-13,18.9,13.6,1.3,33.8,12.49
2024-04-14,19.2,12.9,1.7,20.9,13.65
2024-04-15,19.1,11.8,0.8,17.8,14.12
2024-04-16,19.4,14.4,0.9,24.7,14.55
2024-04-17,19.7,14.7,1.7,24.7,13.77
2024-04-18,19.3,13.4,1.0,15.8,13.92
2024-04-19,20.6,13.7,4.5,18.7,11.87
2024-04-20,18.9,15.9,28.1,27.2,3.26
2024-04-21,17.7,15.8,0.7,35.8,10.34
2024-04-22,18.6,15.7,0.2,32.9,11.81
2024-04-23,19.0,11.4,0.7,18.7,13.25
2024-04-24,18.2,9.7,0.0,15.9,13.89
2024-04-25,18.1,9.1,0.1,16.6,5.98
2024-04-26,18.7,13.9,5.9,23.0,10.52
2024-04-27,16.6,11.6,0.5,21.1,11.57
2024-04-28,17.6,10.0,0.0,11.5,13.93
2024-04-29,17.7,10.0,0.3,20.7,11.7
2024-04-30,19.1,10.3,0.0,14.4,13.95
2024-05-01,18.8,10.1,1.0,25.7,11.81
2024-05-02,16.3,12.7,2.1,31.4,9.78
2024-05-03,16.4,11.6,0.5,23.3,10.14
2024-05-04,17.3,8.6,0.0,10.8,12.59
2024-05-05,17.5,10.2,0.3,17.1,12.41
2024-05-06,17.7,11.2,6.9,17.2,9.23
2024-05-07,16.2,9.0,0.3,20.6,12.0
2024-05-08,15.2,6.4,0.0,17.4,13.18
2024-05-09,14.8,6.7,0.0,22.4,12.97
2024-05-10,13.1,4.6,0.0,30.6,13.12
2024-05-11,13.6,6.1,0.0,18.6,12.84
2024-05-12,15.3,5.8,0.0,8.9,12.0
2024-05-13,16.3,8.6,0.7,11.8,10.16
2024-05-14,16.0,7.3,1.1,26.6,5.66
2024-05-15,18.8,14.3,12.0,35.6,8.37
2024-05-16,17.7,13.8,5.4,44.0,9.52
2024-05-17,17.2,10.9,0.0,21.9,9.91
2024-05-18,15.8,7.8,0.0,12.2,10.87
2024-05-19,14.7,6.6,0.0,11.2,10.44
2024-05-20,16.3,7.2,19.2,37.1,4.39
2024-05-21,17.7,12.1,1.6,37.1,6.82
2024-05-22,18.1,11.9,1.2,17.5,9.76
2024-05-23,16.2,9.8,1.0,12.0,10.1
2024-05-24,15.2,9.7,5.6,21.6,8.06
2024-05-25,15.4,11.2,1.0,29.7,8.69
2024-05-26,16.2,13.5,0.9,37.7,8.76
2024-05-27,15.1,12.5,2.1,23.6,7.26
2024-05-28,15.3,11.7,4.4,25.2,8.46
2024-05-29,13.9,10.6,4.6,55.9,7.41
2024-05-30,16.0,11.8,0.0,35.7,8.86
2024-05-31,17.3,13.7,0.0,27.8,9.41
2024-06-01,17.0,12.0,0.0,19.7,9.35
2024-06-02,18.1,13.2,0.4,22.9,5.96
2024-06-03,17.7,10.4,0.1,20.7,8.29
2024-06-04,15.6,8.9,0.0,12.2,8.52
2024-06-05,15.8,8.3,0.5,22.4,8.35
2024-06-06,16.4,12.4,0.0,23.5,6.85
2024-06-07,16.1,12.1,0.2,16.3,5.57
2024-06-08,17.4,12.7,0.0,21.7,6.15
2024-06-09,17.1,14.9,12.8,31.6,2.63
2024-06-10,18.7,12.4,17.0,29.5,7.15
2024-06-11,15.3,9.3,0.4,24.1,7.12
2024-06-12,14.2,8.6,0.0,11.1,7.78
2024-06-13,15.5,9.0,2.4,30.5,5.69
2024-06-14,17.3,13.2,24.9,37.7,4.8
2024-06-15,15.1,11.0,0.9,34.2,8.8
2024-06-16,16.4,9.9,11.0,31.0,7.55
2024-06-17,16.9,10.9,1.8,30.2,7.49
2024-06-18,16.3,10.4,0.3,12.2,7.96
2024-06-19,15.4,11.5,0.2,24.3,7.03
2024-06-20,14.7,10.5,0.3,26.5,6.97
2024-06-21,14.5,9.3,0.0,21.5,6.64
2024-06-22,15.6,11.2,8.4,23.8,7.32
2024-06-23,16.9,9.1,13.2,28.9,6.95
2024-06-24,14.1,9.3,0.0,12.1,5.44
2024-06-25,14.5,9.7,0.7,40.1,7.73
2024-06-26,14.9,11.5,0.0,39.1,8.67
2024-06-27,15.7,7.5,0.0,18.3,9.87
2024-06-28,14.6,7.1,0.0,8.7,9.27
2024-06-29,15.5,7.6,0.6,18.1,7.37
2024-06-30,15.2,7.7,0.0,12.1,8.19
2024-07-01,16.7,10.5,9.6,34.4,3.34
2024-07-02,14.4,11.6,0.4,33.9,8.65
2024-07-03,14.5,5.7,0.2,22.4,8.93
2024-07-04,13.0,4.3,0.0,11.6,10.15
2024-07-05,12.2,3.8,0.0,13.1,10.3
2024-07-06,13.8,5.3,0.3,34.8,7.98
2024-07-07,13.7,5.3,0.2,27.7,5.52
2024-07-08,14.9,8.0,0.2,13.0,7.86
2024-07-09,14.6,7.7,0.0,11.3,8.81
2024-07-10,14.5,7.1,0.0,12.6,10.08
2024-07-11,13.2,6.1,0.0,13.9,9.15
2024-07-12,12.2,4.1,0.0,17.9,10.53
2024-07-13,13.4,4.8,0.0,15.9,10.34
2024-07-14,14.3,7.8,0.3,32.4,8.24
2024-07-15,14.5,12.2,38.8,39.7,2.01
2024-07-16,16.0,10.0,0.5,8.9,7.52
2024-07-17,13.1,9.1,13.0,19.4,2.53
2024-07-18,14.8,8.5,0.1,12.7,7.59
2024-07-19,14.8,12.0,13.5,22.2,2.83
2024-07-20,14.6,12.6,20.8,32.8,4.28
2024-07-21,16.8,12.3,2.4,27.9,7.22
2024-07-22,14.5,10.9,8.3,20.9,7.75
2024-07-23,14.5,10.4,0.5,29.1,10.4
2024-07-24,14.3,10.8,0.8,27.7,9.14
2024-07-25,15.7,8.4,0.1,23.9,9.56
2024-07-26,15.4,7.0,0.0,13.6,10.47
2024-07-27,14.9,6.5,0.1,6.1,9.8
2024-07-28,14.8,6.3,0.0,13.7,10.4
2024-07-29,14.8,9.9,11.0,33.9,5.23
2024-07-30,15.4,12.1,12.8,25.0,8.67
2024-07-31,15.2,9.4,10.9,13.1,7.66
2024-08-01,12.8,9.3,9.3,20.4,4.75
2024-08-02,13.8,9.2,0.8,23.8,8.88
2024-08-03,13.8,7.7,0.0,27.1,10.44
2024-08-04,13.8,8.0,0.0,22.3,8.17
2024-08-05,14.1,5.0,0.2,16.5,11.29
2024-08-06,13.9,5.9,0.1,16.9,11.34
2024-08-07,13.8,6.0,0.0,11.8,12.25
2024-08-08,14.8,7.6,5.8,23.4,4.53
2024-08-09,14.2,7.3,0.4,19.7,11.88
2024-08-10,14.0,8.9,0.1,24.5,11.58
2024-08-11,14.7,7.3,0.3,17.8,11.28
2024-08-12,14.9,9.5,0.5,36.7,10.6
2024-08-13,14.0,6.4,0.2,30.5,14.04
2024-08-14,14.5,4.2,0.0,13.7,13.63
2024-08-15,14.1,6.5,0.7,15.1,7.39
2024-08-16,16.1,8.8,2.3,18.5,9.99
2024-08-17,16.5,10.7,15.5,34.4,3.48
2024-08-18,17.6,12.4,9.5,39.0,7.54
2024-08-19,13.8,11.2,0.8,42.8,12.38
2024-08-20,13.5,9.9,0.8,31.1,11.69
2024-08-21,14.0,8.1,0.3,20.7,11.91
2024-08-22,14.6,7.1,0.0,12.9,12.1
2024-08-23,16.0,10.5,1.8,25.7,11.24
2024-08-24,15.1,8.9,5.6,22.7,6.39
2024-08-25,16.0,8.2,0.5,10.5,14.51
2024-08-26,17.1,9.6,1.2,15.1,12.5
2024-08-27,17.0,12.2,9.6,27.8,10.25
2024-08-28,16.6,12.4,0.5,27.3,13.74
2024-08-29,19.4,12.2,5.8,34.6,9.74
2024-08-30,17.1,10.0,0.0,19.1,15.99
2024-08-31,19.3,12.0,6.6,32.1,10.23
2024-09-01,19.1,9.8,8.1,38.5,16.41
2024-09-02,16.3,10.0,0.0,10.8,12.77
2024-09-03,19.9,11.9,4.8,30.5,11.85
2024-09-04,14.9,9.0,0.6,20.2,15.26
2024-09-05,14.7,7.7,0.0,25.1,17.46
2024-09-06,15.2,12.1,0.3,28.3,13.55
2024-09-07,17.6,13.1,0.0,33.0,13.05
2024-09-08,15.6,12.2,4.8,34.0,16.77
2024-09-09,15.8,9.9,0.1,24.2,15.97
2024-09-10,17.0,13.1,0.5,25.7,13.24
2024-09-11,15.1,10.0,0.0,31.6,17.99
2024-09-12,15.5,6.6,0.2,14.0,16.38
2024-09-13,16.9,7.7,0.6,20.0,11.74
2024-09-14,17.5,12.5,15.9,26.9,6.82
2024-09-15,15.2,11.4,5.8,28.4,14.89
2024-09-16,15.5,8.1,4.8,35.9,9.59
2024-09-17,12.0,9.0,1.9,45.0,15.54
2024-09-18,13.7,9.1,0.2,29.8,15.46
2024-09-19,16.2,11.1,1.0,33.6,17.68
2024-09-20,15.9,12.9,12.1,31.7,8.84
2024-09-21,16.8,8.3,0.3,20.1,18.6
2024-09-22,18.2,8.9,2.6,16.3,18.62
2024-09-23,16.5,10.2,0.0,22.4,19.94
2024-09-24,16.8,12.7,0.1,35.4,17.72
2024-09-25,15.1,8.7,0.0,26.8,19.61
2024-09-26,17.0,8.2,0.0,21.6,18.75
2024-09-27,16.9,11.8,3.4,33.7,7.61
2024-09-28,15.5,11.1,0.0,28.3,19.47
2024-09-29,15.8,11.8,0.0,29.5,15.26
2024-09-30,16.3,8.9,0.0,17.0,21.43
2024-10-01,16.8,12.3,0.3,26.8,16.61
2024-10-02,16.6,14.0,8.5,43.4,10.98
2024-10-03,16.6,8.1,21.7,41.2,18.4
2024-10-04,15.4,7.4,0.0,20.2,21.91
2024-10-05,17.7,10.6,17.6,23.2,18.62
2024-10-06,19.8,13.3,9.7,36.6,16.58
2024-10-07,18.9,14.4,10.9,37.5,16.69
2024-10-08,18.4,13.2,0.1,23.7,21.21
2024-10-09,16.4,11.7,7.7,24.7,14.25
2024-10-10,15.2,9.4,0.8,15.9,18.87
2024-10-11,15.5,8.4,1.5,18.0,18.94
2024-10-12,15.4,11.8,0.1,37.5,17.97
2024-10-13,17.2,11.6,8.9,20.6,16.94
2024-10-14,14.9,9.8,1.4,24.0,21.48
2024-10-15,15.7,10.7,0.2,36.8,20.5
2024-10-16,16.8,9.0,0.9,11.2,22.58
2024-10-17,16.5,9.7,0.3,23.9,19.86
2024-10-18,16.6,12.3,0.1,25.9,20.26
2024-10-19,17.3,12.4,1.0,22.6,21.28
2024-10-20,17.9,10.9,0.3,19.1,21.45
2024-10-21,18.2,9.4,0.2,20.8,22.36
2024-10-22,17.4,12.6,0.7,22.8,19.15
2024-10-23,17.5,11.0,1.4,20.7,18.62
2024-10-24,19.9,10.5,0.4,20.2,21.45
2024-10-25,19.7,13.6,1.6,29.6,21.11
2024-10-26,20.2,16.5,4.6,40.9,15.91
2024-10-27,19.4,12.9,1.2,24.9,23.97
2024-10-28,16.4,12.6,0.6,33.4,21.85
2024-10-29,19.1,13.0,4.8,32.7,22.54
2024-10-30,16.2,9.7,1.3,24.6,23.58
2024-10-31,17.4,13.0,0.4,25.8,20.22
2024-11-01,18.6,12.3,0.1,20.2,20.71
2024-11-02,19.8,13.6,1.3,27.1,22.1
2024-11-03,15.9,12.2,0.0,32.6,23.88
2024-11-04,16.8,8.8,0.6,19.1,22.33
2024-11-05,17.9,8.7,0.0,17.6,28.06
2024-11-06,20.2,11.9,0.1,18.9,18.82
2024-11-07,19.7,13.3,0.1,19.8,24.25
2024-11-08,20.6,12.0,2.9,14.9,24.37
2024-11-09,20.6,13.6,4.1,20.9,21.08
2024-11-10,21.0,14.1,2.4,15.5,15.77
2024-11-11,18.4,14.3,6.7,22.0,17.43
2024-11-12,19.8,12.7,0.7,20.2,27.48
2024-11-13,19.2,15.4,4.8,22.5,13.02
2024-11-14,19.9,17.2,3.0,29.6,12.37
2024-11-15,20.3,16.0,30.9,29.5,6.27
2024-11-16,18.1,12.6,0.1,24.3,28.58
2024-11-17,18.8,13.0,2.1,13.1,16.91
2024-11-18,18.9,11.4,0.1,16.5,25.29
2024-11-19,20.7,11.0,0.0,10.5,29.75
2024-11-20,19.5,12.9,5.4,21.7,23.74
2024-11-21,17.7,12.2,2.8,29.3,21.89
2024-11-22,19.1,11.5,0.1,23.7,26.36
2024-11-23,17.4,14.4,1.6,21.3,14.43
2024-11-24,19.7,14.0,0.2,21.5,25.88
2024-11-25,21.0,13.7,0.0,22.0,25.51
2024-11-26,21.0,16.0,0.3,20.1,18.77
2024-11-27,22.2,15.6,0.2,18.5,24.8
2024-11-28,22.6,16.4,0.0,15.7,27.04
2024-11-29,22.6,16.8,0.0,20.3,21.69
2024-11-30,20.3,17.0,16.5,19.2,10.09
2024-12-01,19.7,16.6,5.1,17.8,13.29
2024-12-02,22.9,14.9,0.0,12.1,28.42
2024-12-03,23.3,15.1,0.0,10.8,29.24
2024-12-04,24.0,15.5,0.0,15.3,31.54
2024-12-05,23.9,16.7,0.2,21.9,29.91
2024-12-06,22.3,16.3,0.2,31.5,27.46
2024-12-07,24.0,14.8,0.1,17.3,26.61
2024-12-08,23.6,16.0,7.3,17.8,21.84
2024-12-09,25.1,17.8,14.4,26.6,18.49
2024-12-10,20.7,14.2,1.3,16.9,26.0
2024-12-11,21.7,13.7,3.4,13.2,24.57
2024-12-12,21.3,18.2,13.1,23.2,9.77
2024-12-13,22.1,16.9,0.3,20.9,29.61
2024-12-14,24.6,15.6,0.0,11.0,31.2
2024-12-15,25.9,16.1,0.0,10.7,31.11
2024-12-16,19.9,17.2,29.7,12.4,5.82
2024-12-17,22.1,14.0,1.0,22.0,28.26
2024-12-18,21.2,11.6,0.3,22.9,31.11
2024-12-19,23.9,15.8,0.0,16.5,32.22
2024-12-20,23.7,15.4,0.3,23.7,26.23
2024-12-21,24.9,17.2,2.0,24.7,24.2
2024-12-22,23.3,16.4,3.8,11.7,27.21
2024-12-23,22.1,16.4,3.8,22.1,27.08
2024-12-24,23.8,16.6,0.4,14.5,29.18
2024-12-25,23.3,14.4,5.3,18.6,26.75
2024-12-26,21.2,16.1,6.3,26.4,27.53
2024-12-27,21.3,17.5,0.0,38.3,31.04
2024-12-28,21.8,16.0,0.0,27.9,33.94
2024-12-29,24.0,16.6,0.0,18.1,30.94
2024-12-30,23.5,16.5,1.4,26.0,22.85
2024-12-31,20.8,14.0,3.5,36.0,26.25
2025-01-01,21.0,16.5,1.9,24.9,26.91
2025-01-02,20.9,16.8,1.1,24.7,25.3
2025-01-03,22.0,15.7,1.3,28.2,25.04
2025-01-04,20.8,14.6,1.6,29.0,27.95
2025-01-05,20.4,15.1,1.3,22.3,26.12
2025-01-06,21.1,12.5,0.1,30.4,30.39
2025-01-07,21.8,14.4,0.0,24.2,32.15
2025-01-08,22.2,16.8,0.2,25.6,19.25
2025-01-09,25.2,15.5,0.0,17.0,29.31
2025-01-10,24.5,17.3,0.4,21.9,28.63
2025-01-11,23.6,15.2,0.0,23.0,31.86
2025-01-12,22.8,14.7,0.1,23.6,31.85
2025-01-13,20.9,13.8,0.0,27.6,31.96
2025-01-14,22.7,15.4,0.0,19.1,31.88
2025-01-15,23.6,16.2,0.4,17.0,28.0
2025-01-16,24.5,14.8,0.0,18.3,30.98
2025-01-17,23.8,18.0,0.1,22.1,19.88
2025-01-18,24.4,17.1,0.0,19.8,27.38
2025-01-19,23.4,17.9,0.9,27.1,17.46
2025-01-20,21.9,19.1,0.1,26.5,16.77
2025-01-21,20.4,17.4,24.9,26.0,9.82
2025-01-22,24.5,17.0,1.9,15.0,26.76
2025-01-23,23.1,17.8,0.8,19.8,25.99
2025-01-24,25.4,17.9,0.6,12.2,25.89
2025-01-25,23.6,17.0,4.9,28.3,23.91
2025-01-26,24.1,19.3,18.0,31.6,17.76
2025-01-27,21.2,16.9,0.3,29.3,29.42
2025-01-28,21.9,13.1,0.1,16.6,26.04
2025-01-29,23.5,17.2,0.9,14.1,26.59
2025-01-30,24.9,16.1,0.1,11.9,22.76
2025-01-31,26.5,16.9,0.6,10.3,25.48
2025-02-01,26.3,17.7,0.1,14.3,21.83
2025-02-02,26.0,18.3,0.5,18.6,24.57
2025-02-03,25.0,18.7,2.6,10.1,23.52
2025-02-04,24.4,17.3,0.2,16.2,28.23
2025-02-05,24.8,15.6,0.0,17.3,26.63
2025-02-06,24.4,16.5,1.4,16.2,23.49
2025-02-07,24.6,17.7,0.9,18.6,25.22
2025-02-08,24.8,17.8,1.0,16.9,27.34
2025-02-09,26.1,16.5,0.4,16.7,25.37
2025-02-10,26.8,18.7,0.5,11.1,26.22
2025-02-11,24.9,18.6,5.1,14.7,20.77
2025-02-12,23.9,16.0,1.0,8.2,27.73
2025-02-13,23.9,16.0,1.3,11.3,23.99
2025-02-14,23.1,16.5,3.2,13.7,20.76
2025-02-15,22.8,18.0,0.0,24.4,20.55
2025-02-16,22.8,18.3,3.1,22.5,16.02
2025-02-17,24.0,19.7,3.1,22.8,13.53
2025-02-18,26.6,19.2,2.1,14.7,22.96
2025-02-19,24.4,17.6,3.8,17.3,18.69
2025-02-20,25.5,18.0,0.8,12.0,21.14
2025-02-21,24.7,18.4,0.9,25.2,24.88
2025-02-22,23.2,17.8,0.0,22.8,22.15
2025-02-23,23.6,16.7,0.5,18.5,22.09
2025-02-24,24.9,15.4,0.0,15.3,26.76
2025-02-25,24.1,16.8,0.7,12.3,19.85
2025-02-26,25.0,15.9,0.0,16.0,23.71
2025-02-27,24.6,16.4,1.7,14.2,20.38
2025-02-28,24.7,15.5,0.0,15.4,24.69
2025-03-01,24.8,18.7,2.5,10.9,21.9
2025-03-02,24.1,16.4,0.0,16.9,21.85
2025-03-03,25.1,17.7,0.0,16.8,21.86
2025-03-04,23.3,17.3,1.9,18.8,9.26
2025-03-05,22.1,15.1,0.3,25.1,24.98
2025-03-06,19.7,11.6,0.0,16.7,25.46
2025-03-07,21.1,11.1,0.0,20.0,25.17
2025-03-08,22.3,14.8,0.9,23.2,18.1
2025-03-09,24.1,16.4,0.0,21.2,22.14
2025-03-10,24.7,14.4,0.0,16.4,23.31
2025-03-11,23.5,13.8,0.0,19.5,22.0
2025-03-12,21.9,17.3,1.0,21.0,12.92
2025-03-13,22.9,15.3,0.1,13.0,19.05
2025-03-14,24.6,13.5,0.0,9.8,20.43
2025-03-15,24.1,14.5,0.2,16.7,20.17
2025-03-16,23.8,14.2,0.1,13.7,18.78
2025-03-17,24.4,17.2,3.0,17.0,12.3
2025-03-18,24.2,16.6,3.5,26.6,14.16
2025-03-19,20.4,14.2,15.0,16.5,8.14
2025-03-20,22.5,13.0,0.2,18.8,19.98
2025-03-21,24.1,13.3,0.0,14.6,20.88
2025-03-22,23.5,14.4,0.3,13.2,18.5
2025-03-23,24.2,14.3,0.0,14.9,19.35
2025-03-24,23.8,15.2,0.5,14.8,17.18
2025-03-25,25.6,15.4,0.0,12.5,18.58
2025-03-26,23.0,16.0,0.0,15.9,18.82
2025-03-27,23.3,16.6,0.0,18.6,17.41
2025-03-28,22.5,17.3,1.1,19.4,17.77
2025-03-29,21.5,15.0,2.1,15.3,14.77
2025-03-30,22.8,16.7,0.1,13.4,18.44
2025-03-31,22.0,14.3,0.0,15.3,13.26
2025-04-01,22.5,15.5,0.4,18.1,16.7
2025-04-02,21.5,19.0,4.2,25.3,6.11
2025-04-03,20.0,18.7,17.5,30.6,3.0
2025-04-04,21.7,19.1,56.1,40.6,3.38
2025-04-05,21.7,15.7,0.4,17.9,16.97
2025-04-06,21.3,14.5,3.7,17.9,16.45
2025-04-07,20.7,16.8,1.3,22.8,16.02
2025-04-08,19.4,16.1,4.0,24.6,10.86
2025-04-09,18.5,13.9,0.1,20.4,14.99
2025-04-10,19.5,11.2,0.0,8.0,17.34
2025-04-11,20.0,12.4,0.0,13.9,13.24
2025-04-12,20.8,12.0,0.0,19.4,16.99
2025-04-13,21.8,11.7,0.0,16.4,14.69
2025-04-14,22.0,13.9,1.9,12.6,14.72
2025-04-15,22.4,14.7,0.0,19.3,12.53
2025-04-16,20.3,17.2,10.8,33.1,4.77
2025-04-17,20.1,18.0,23.4,40.8,3.83
2025-04-18,22.2,19.5,9.3,38.5,12.23
2025-04-19,22.6,19.1,3.7,28.6,11.94
2025-04-20,21.8,17.4,12.8,19.5,11.06
2025-04-21,21.0,16.4,0.8,11.1,9.64
2025-04-22,20.1,16.3,0.5,13.6,11.58
2025-04-23,20.4,14.2,0.4,14.9,13.49
2025-04-24,18.6,12.3,0.0,16.2,13.21
2025-04-25,19.1,14.5,0.5,21.7,7.7
2025-04-26,19.9,17.0,3.8,23.1,9.0
2025-04-27,18.3,16.8,29.1,19.4,2.21
2025-04-28,20.9,17.1,29.4,18.6,11.66
2025-04-29,20.9,18.0,15.7,27.2,9.26
2025-04-30,20.7,17.4,12.6,24.2,5.5
2025-05-01,18.2,15.6,7.9,31.7,9.35
2025-05-02,17.0,12.1,1.8,12.5,11.0
2025-05-03,16.8,10.8,0.0,23.7,13.49
2025-05-04,17.6,9.5,0.0,9.4,13.73
2025-05-05,16.9,7.3,0.0,5.5,13.53
2025-05-06,17.0,8.1,0.0,6.0,12.63
2025-05-07,18.5,11.0,0.0,9.6,11.01
2025-05-08,19.1,13.1,2.7,23.0,8.31
2025-05-09,19.4,16.2,22.1,30.1,1.88
2025-05-10,17.4,13.4,0.0,22.1,12.34
2025-05-11,18.3,10.1,0.0,16.6,11.78
2025-05-12,18.1,9.7,0.0,6.6,11.46
2025-05-13,17.5,11.1,0.0,16.6,8.27
2025-05-14,18.3,12.4,0.0,17.4,10.59
2025-05-15,17.8,11.6,0.0,17.7,11.22
2025-05-16,18.9,13.0,0.0,14.8,9.91
2025-05-17,17.9,10.6,0.0,14.9,9.74
2025-05-18,20.0,16.4,18.9,20.5,4.25
2025-05-19,16.7,12.4,6.5,30.0,10.42
2025-05-20,15.3,9.5,0.0,20.5,11.76
2025-05-21,16.7,8.5,0.0,7.5,11.37
2025-05-22,15.6,8.0,0.0,5.8,10.12
2025-05-23,17.1,8.8,0.3,13.0,8.38
2025-05-24,17.1,8.4,0.0,11.5,10.36
2025-05-25,17.9,13.2,0.6,19.9,7.39
2025-05-26,19.0,15.1,14.1,23.5,6.95
2025-05-27,17.8,11.8,12.5,10.7,8.63
2025-05-28,18.1,12.1,9.6,32.7,1.82
2025-05-29,18.2,13.6,10.1,28.2,7.31
2025-05-30,17.7,14.1,1.5,27.8,8.43
2025-05-31,17.4,14.9,0.0,27.7,8.24
2025-06-01,16.8,13.6,0.1,26.3,8.74
2025-06-02,16.9,12.1,0.2,15.5,8.86
2025-06-03,16.7,10.6,0.1,12.3,8.15
2025-06-04,19.0,14.6,27.7,38.1,2.07
2025-06-05,18.0,12.5,1.4,21.9,7.24
2025-06-06,14.0,9.8,19.0,22.3,7.29
2025-06-07,12.7,7.6,0.1,15.0,9.12
2025-06-08,14.3,4.8,1.3,9.9,8.28
2025-06-09,16.9,10.4,27.6,16.7,7.12
2025-06-10,16.1,9.0,28.1,26.7,2.67
2025-06-11,19.0,13.5,1.2,20.6,7.91
2025-06-12,16.0,13.5,2.2,19.5,7.07
2025-06-13,16.0,12.3,2.9,20.5,8.23
2025-06-14,15.6,10.2,5.5,9.4,7.3
2025-06-15,14.6,10.5,1.6,18.1,4.86
2025-06-16,14.4,7.6,0.0,8.8,9.45
2025-06-17,14.1,6.6,0.0,6.6,9.78
2025-06-18,14.3,6.2,0.0,5.3,8.72
2025-06-19,16.5,8.1,11.7,15.3,8.6
2025-06-20,16.5,11.0,8.8,15.4,8.41
2025-06-21,14.9,8.3,0.0,11.2,8.87
2025-06-22,13.7,5.5,0.0,22.8,9.2
2025-06-23,16.5,12.9,1.0,25.3,8.33
2025-06-24,16.0,10.5,0.0,15.4,8.75
2025-06-25,15.6,8.7,0.2,23.6,8.68
2025-06-26,17.4,14.9,2.1,34.2,6.87
2025-06-27,16.8,14.2,32.2,42.9,1.46
2025-06-28,16.4,13.5,7.8,21.1,6.08
2025-06-29,15.7,13.1,0.6,22.9,7.96
2025-06-30,15.5,12.5,0.1,22.0,8.25
2025-07-01,14.7,8.7,0.4,11.4,8.22
2025-07-02,16.0,7.9,0.8,29.9,5.3
2025-07-03,17.4,15.3,24.9,41.5,1.72
2025-07-04,19.6,14.2,8.1,15.8,8.57
2025-07-05,17.3,12.5,2.6,23.7,6.4
2025-07-06,14.6,9.3,0.0,11.1,8.87
2025-07-07,13.0,5.2,0.0,6.3,8.94
2025-07-08,14.7,5.8,0.0,12.3,8.79
2025-07-09,15.2,12.5,4.1,23.1,4.65
2025-07-10,15.8,13.9,15.4,23.3,3.56
2025-07-11,15.5,13.7,55.6,45.7,0.91
2025-07-12,16.1,11.2,1.4,21.7,8.53
2025-07-13,15.0,8.7,7.4,15.3,6.49
2025-07-14,15.8,7.6,0.3,14.5,9.25
2025-07-15,14.3,10.6,5.7,30.5,6.27
2025-07-16,15.5,10.9,0.8,28.3,10.25
2025-07-17,13.7,10.3,32.0,22.2,4.49
2025-07-18,13.9,10.4,1.7,24.6,8.06
2025-07-19,14.6,6.7,0.6,9.4,9.66
2025-07-20,13.4,7.4,0.9,11.6,9.96
2025-07-21,11.9,3.9,0.0,11.6,11.55
2025-07-22,12.1,3.2,0.0,10.3,11.0
2025-07-23,12.9,3.3,0.0,8.8,11.67
2025-07-24,14.0,4.5,0.0,5.8,11.14
2025-07-25,14.4,4.3,0.0,14.0,11.18
2025-07-26,15.8,11.1,0.0,20.2,9.51
2025-07-27,16.2,11.2,0.1,19.6,10.81
2025-07-28,16.2,13.0,0.1,33.4,10.07
2025-07-29,15.5,14.4,111.4,40.6,0.97
2025-07-30,16.2,11.5,6.3,18.2,10.69
2025-07-31,14.9,9.1,1.1,6.9,9.3
2025-08-01,14.2,8.1,0.0,12.5,11.61
2025-08-02,13.1,5.2,0.0,20.1,12.68
2025-08-03,13.5,7.4,0.0,8.7,13.02
2025-08-04,13.4,6.6,0.0,15.9,9.91
2025-08-05,14.1,9.6,1.1,27.5,6.85
2025-08-06,14.5,11.9,0.6,21.9,9.08
2025-08-07,15.3,12.5,1.7,22.5,9.74
2025-08-08,14.9,12.0,12.3,26.0,7.47
2025-08-09,12.0,7.8,2.2,25.7,12.42
2025-08-10,11.6,6.6,0.0,25.9,12.68
2025-08-11,13.3,4.9,0.0,11.4,13.76
2025-08-12,13.7,4.2,0.0,8.6,13.4
2025-08-13,14.0,4.9,0.1,6.2,13.68
2025-08-14,14.1,5.1,0.4,3.9,11.35
2025-08-15,14.6,5.8,0.0,6.2,13.85
2025-08-16,14.2,7.2,11.0,23.4,6.26
2025-08-17,15.4,10.9,16.4,27.9,7.04
2025-08-18,14.8,11.0,4.8,25.7,9.2
2025-08-19,12.3,8.0,4.4,20.4,11.58
2025-08-20,12.5,5.9,0.0,23.9,14.85
2025-08-21,13.8,5.6,0.0,14.0,15.78
2025-08-22,13.8,5.5,0.0,9.9,13.93
2025-08-23,12.8,4.9,0.6,11.0,14.39
2025-08-24,14.0,5.3,10.2,12.5,10.97
2025-08-25,15.2,8.9,3.5,18.8,13.37
2025-08-26,16.4,10.9,0.0,18.1,15.92
2025-08-27,15.9,10.8,1.2,19.1,9.9
2025-08-28,16.7,7.8,4.2,27.1,11.01
2025-08-29,15.3,11.6,2.9,30.8,13.07
2025-08-30,15.6,12.5,1.6,20.8,14.55
2025-08-31,14.9,11.3,7.8,44.6,10.65
2025-09-01,15.8,12.5,0.0,34.3,15.13
2025-09-02,15.8,12.5,0.3,22.8,12.94
2025-09-03,15.7,9.9,0.5,15.5,13.23
2025-09-04,16.7,7.0,0.2,11.3,15.38
2025-09-05,17.4,9.0,1.0,14.4,13.81
2025-09-06,14.2,11.0,15.5,22.5,4.58
2025-09-07,14.9,10.8,1.1,27.7,14.75
2025-09-08,14.9,6.5,0.0,15.4,17.89
2025-09-09,13.7,6.3,1.2,11.4,9.89
2025-09-10,17.3,11.7,4.3,32.2,17.1
2025-09-11,15.9,10.7,4.0,20.3,16.95
2025-09-12,17.0,10.8,22.0,37.7,11.4
2025-09-13,15.5,12.0,3.1,33.6,14.13
2025-09-14,15.7,12.9,0.7,37.5,16.61
2025-09-15,15.8,12.3,0.5,21.5,15.09
2025-09-16,16.6,13.1,1.3,26.2,15.83
2025-09-17,17.7,11.9,0.0,20.9,16.15
2025-09-18,16.3,12.6,7.8,27.4,4.96
2025-09-19,15.0,8.6,0.5,20.5,19.36
2025-09-20,14.6,7.7,0.3,20.6,17.2
2025-09-21,15.9,12.0,0.9,31.9,11.62
2025-09-22,17.3,14.6,1.9,25.3,9.57
2025-09-23,17.3,14.8,25.9,27.9,8.0
2025-09-24,17.8,14.3,22.4,25.4,6.5
2025-09-25,16.0,12.5,3.1,24.0,17.24
2025-09-26,17.0,11.1,1.0,23.4,17.95
2025-09-27,19.1,11.4,5.6,14.5,17.87
2025-09-28,20.2,11.5,0.6,16.4,16.47
2025-09-29,18.3,13.5,2.4,27.5,15.37
2025-09-30,16.0,10.4,0.0,13.6,22.5
2025-10-01,17.1,10.8,0.3,22.4,15.79
2025-10-02,19.3,11.1,0.9,23.0,13.24
2025-10-03,17.8,15.2,8.7,17.4,6.21
2025-10-04,16.5,11.2,7.7,21.5,19.15
2025-10-05,15.8,10.7,1.4,21.1,19.85
2025-10-06,16.2,12.2,2.7,27.6,19.39
2025-10-07,16.5,13.0,9.4,32.7,17.35
2025-10-08,17.1,11.6,0.0,18.1,22.07
2025-10-09,17.3,9.4,1.0,13.2,12.09
2025-10-10,20.0,15.6,1.5,23.5,14.33
2025-10-11,20.7,14.8,0.0,19.0,18.69
2025-10-12,20.4,14.5,0.2,28.3,17.25
2025-10-13,19.4,15.9,4.7,22.5,10.12
2025-10-14,17.3,13.4,31.9,26.1,6.86
2025-10-15,16.2,12.5,0.3,21.3,20.15
2025-10-16,17.3,12.8,1.3,24.6,21.3
2025-10-17,17.9,11.2,0.0,17.5,22.05
2025-10-18,18.3,9.2,2.5,8.9,18.55
2025-10-19,20.5,12.2,0.1,19.0,22.64
2025-10-20,21.8,14.6,0.1,16.4,24.81
2025-10-21,21.5,15.5,0.0,27.8,22.15
2025-10-22,18.7,16.5,7.8,21.2,5.95
2025-10-23,21.8,16.3,7.6,28.8,15.21
2025-10-24,18.3,12.4,5.4,16.6,24.47
2025-10-25,17.0,12.4,0.8,21.7,17.82
2025-10-26,17.0,12.9,0.3,22.7,23.21
2025-10-27,20.0,13.3,1.8,28.2,14.89
2025-10-28,18.2,12.2,24.2,38.9,16.44
2025-10-29,17.5,12.2,0.0,26.5,19.85
2025-10-30,16.7,11.4,0.5,7.2,13.62
2025-10-31,17.4,12.2,0.0,22.6,26.9
2025-11-01,19.2,11.6,0.6,21.0,26.42
2025-11-02,19.7,12.7,0.2,13.0,28.63
2025-11-03,20.9,10.6,0.0,15.5,28.66
2025-11-04,22.5,12.0,0.4,9.8,23.4
2025-11-05,24.0,12.0,0.0,13.0,29.07
2025-11-06,23.8,12.2,0.4,12.4,25.44
2025-11-07,25.4,16.1,0.0,11.0,27.86
2025-11-08,24.3,15.6,0.6,14.7,25.55
2025-11-09,24.4,16.5,7.1,12.0,18.21
2025-11-10,22.9,17.8,9.8,16.3,17.1
2025-11-11,20.8,14.9,3.8,15.9,25.52
2025-11-12,19.8,13.1,18.7,35.0,12.55
2025-11-13,19.2,13.9,10.9,29.5,20.23
2025-11-14,18.2,13.2,1.8,25.9,24.81
2025-11-15,18.7,12.8,1.7,23.7,16.61
2025-11-16,19.8,11.4,0.0,11.5,27.87
2025-11-17,21.6,14.9,0.0,22.8,29.43
2025-11-18,21.2,17.3,39.9,31.1,12.86
2025-11-19,22.8,17.9,26.9,19.2,12.82
2025-11-20,21.9,15.4,0.5,14.4,25.53
2025-11-21,23.4,14.9,0.0,12.9,29.48
2025-11-22,23.4,14.9,0.0,9.9,29.94
2025-11-23,21.2,15.6,1.4,16.4,26.74
2025-11-24,20.9,14.7,0.0,14.6,30.82
2025-11-25,22.0,13.9,1.9,21.4,19.76
2025-11-26,22.9,18.2,0.7,18.1,25.47
2025-11-27,24.4,18.4,3.4,13.8,25.05
2025-11-28,25.0,18.0,5.3,21.4,23.16
2025-11-29,23.2,15.4,0.0,15.2,30.84
2025-11-30,24.1,14.5,13.6,24.1,14.73
2025-12-01,22.3,16.6,0.0,17.8,29.39
2025-12-02,22.7,15.6,3.2,16.2,20.08
2025-12-03,23.5,15.1,26.0,23.3,19.81
2025-12-04,19.5,15.2,3.4,34.1,29.42
2025-12-05,20.8,16.2,0.2,26.1,25.68
2025-12-06,24.3,16.8,0.0,15.3,31.33
2025-12-07,28.3,16.8,0.0,16.0,32.62
2025-12-08,28.9,14.7,0.0,9.9,32.41
2025-12-09,27.3,17.3,0.0,15.2,32.03
2025-12-10,28.4,15.7,0.0,17.0,31.6
2025-12-11,26.8,17.2,0.3,20.1,30.5
2025-12-12,21.7,17.1,0.0,28.5,25.48
2025-12-13,24.9,14.0,0.0,15.8,32.5
2025-12-14,23.0,15.6,0.2,19.8,28.38
2025-12-15,22.4,17.6,0.2,22.7,21.19
2025-12-16,25.2,16.9,12.5,25.4,19.97
2025-12-17,18.6,15.5,0.7,25.1,29.42
2025-12-18,20.3,14.7,0.3,20.4,25.17
2025-12-19,21.5,16.4,0.6,26.3,19.28
2025-12-20,21.0,16.7,1.1,21.1,23.15
2025-12-21,21.2,16.0,0.3,20.2,22.99
2025-12-22,22.7,14.0,4.5,13.9,16.0
2025-12-23,23.2,19.2,3.5,29.7,11.52
2025-12-24,23.6,17.4,3.5,24.9,22.29
2025-12-25,24.6,15.0,0.0,8.5,28.02
2025-12-26,26.1,16.6,1.3,19.8,22.29
2025-12-27,19.6,15.5,2.0,12.2,11.46
2025-12-28,20.9,13.7,0.4,14.5,21.17
2025-12-29,21.5,17.4,27.0,28.8,9.77
2025-12-30,23.0,17.8,6.5,35.0,27.61
2025-12-31,22.8,17.2,12.8,27.0,24.13
2026-01-01,23.0,16.7,2.9,14.1,26.65
2026-01-02,23.3,16.4,17.6,15.7,25.78
2026-01-03,21.2,14.9,26.5,15.9,24.2
2026-01-04,23.4,14.5,1.4,14.3,28.47
2026-01-05,23.5,15.5,2.5,6.0,28.32
2026-01-06,24.4,16.3,0.1,9.9,24.99
2026-01-07,24.5,17.6,0.0,18.0,30.79
2026-01-08,22.9,18.2,0.0,28.0,24.86
2026-01-09,24.5,18.2,0.0,23.1,30.39
2026-01-10,26.1,19.4,0.0,21.2,31.0
2026-01-11,29.1,16.8,0.0,14.2,32.09
2026-01-12,25.3,17.8,0.4,24.5,22.85
2026-01-13,25.2,14.9,0.0,14.1,25.72
2026-01-14,25.9,19.1,5.0,19.3,20.91
2026-01-15,23.5,19.1,23.9,21.5,16.55
2026-01-16,23.5,17.7,3.2,15.8,25.82
2026-01-17,24.5,16.5,0.5,14.2,26.18
2026-01-18,20.3,15.2,22.4,20.6,16.71
2026-01-19,22.7,16.9,6.8,22.1,12.95
2026-01-20,20.8,18.6,42.9,27.4,8.86
2026-01-21,22.1,19.0,72.8,34.4,4.33
2026-01-22,22.7,18.9,2.0,27.7,18.21
2026-01-23,22.8,17.9,1.7,24.0,25.02
2026-01-24,19.1,15.8,2.0,37.2,25.25
2026-01-25,20.6,15.9,3.4,29.5,23.32
2026-01-26,19.7,16.2,1.1,22.8,18.12
2026-01-27,21.1,14.8,2.4,12.0,23.76
2026-01-28,23.0,14.6,0.0,12.7,29.15
2026-01-29,24.7,15.6,0.1,18.6,28.48
2026-01-30,25.4,17.5,0.0,15.4,29.83
2026-01-31,26.2,18.0,0.6,11.5,26.1
2026-02-01,25.5,17.2,0.0,10.2,26.47
2026-02-02,26.7,20.1,8.3,16.3,17.47
2026-02-03,24.3,17.9,1.4,22.5,22.86
2026-02-04,23.0,17.4,1.5,12.3,21.57
2026-02-05,23.7,17.1,2.8,15.3,25.46
2026-02-06,22.7,17.6,0.3,21.9,24.61
2026-02-07,24.6,17.7,0.0,19.6,25.84
2026-02-08,25.1,18.2,0.6,21.0,23.72
2026-02-09,25.5,15.5,0.1,11.6,22.57
2026-02-10,24.7,17.7,1.4,14.1,19.38
2026-02-11,26.8,17.2,1.0,13.8,26.5
2026-02-12,25.5,18.2,1.0,25.2,21.71
2026-02-13,23.9,21.3,12.5,22.5,9.36
2026-02-14,21.4,19.1,17.9,29.3,10.98
2026-02-15,20.0,17.0,2.5,37.9,24.36
2026-02-16,21.3,17.2,0.9,25.4,19.52
2026-02-17,22.0,14.8,3.2,11.7,18.87
2026-02-18,22.0,15.2,0.6,16.5,23.4
2026-02-19,22.8,16.7,0.7,23.9,20.66
2026-02-20,22.5,17.3,0.3,25.9,21.74
2026-02-21,21.9,15.9,0.0,19.2,26.47
2026-02-22,23.1,13.8,0.0,19.9,23.11
2026-02-23,23.4,16.1,0.0,15.8,25.92
2026-02-24,24.1,14.3,0.0,19.9,26.11
2026-02-25,24.6,16.6,0.0,16.6,21.02
2026-02-26,23.3,17.1,0.0,14.8,19.02
2026-02-27,24.9,16.8,2.1,16.0,22.77
2026-02-28,22.1,16.0,3.1,15.2,15.79
2026-03-01,23.3,17.3,7.3,17.0,21.11
2026-03-02,19.0,12.1,0.3,31.3,24.55
2026-03-03,17.7,10.7,0.0,29.7,24.42
2026-03-04,19.7,10.9,0.0,23.1,25.39
2026-03-05,22.5,11.9,0.0,14.3,21.63
2026-03-06,22.2,12.3,0.0,13.8,21.54
2026-03-07,23.4,12.2,0.0,14.8,20.24
2026-03-08,23.3,14.5,0.4,8.6,15.76
2026-03-09,23.6,14.6,0.0,17.9,17.84
2026-03-10,22.7,14.3,1.0,20.9,19.84
2026-03-11,18.6,16.8,4.0,23.1,5.62
2026-03-12,21.8,16.6,1.1,33.0,12.83
2026-03-13,23.7,19.8,7.4,22.5,14.45
2026-03-14,21.1,17.1,0.8,30.1,16.07
2026-03-15,20.5,16.1,0.2,26.3,18.75
2026-03-16,20.9,14.5,0.5,16.7,17.17
2026-03-17,23.3,13.1,0.0,14.5,22.15
2026-03-18,25.0,12.9,0.0,17.5,20.77
2026-03-19,26.3,14.3,0.0,18.4,21.21
2026-03-20,25.1,13.7,0.0,11.7,19.81
2026-03-21,23.8,14.0,0.2,13.5,18.13
2026-03-22,24.5,16.1,0.4,9.0,18.32
2026-03-23,22.7,17.3,1.7,18.6,18.28
2026-03-24,23.0,15.4,0.1,20.0,15.7
2026-03-25,20.4,18.2,5.4,28.2,4.82
2026-03-26,19.4,16.9,77.5,40.7,2.11
2026-03-27,24.2,17.2,11.5,31.9,17.04
2026-03-28,23.5,16.5,0.4,11.1,16.47
2026-03-29,22.9,15.4,3.6,11.5,14.45
2026-03-30,22.7,18.8,4.7,20.8,15.07
2026-03-31,19.4,15.8,0.0,30.5,14.49
2026-04-01,20.0,15.2,1.7,14.9,15.19
2026-04-02,19.9,14.1,0.5,8.1,17.29
2026-04-03,20.1,13.8,0.0,12.9,16.45
2026-04-04,19.6,14.1,0.5,13.9,12.79
2026-04-05,20.5,15.7,0.5,20.9,12.52
2026-04-06,20.1,16.7,1.6,28.9,13.87
2026-04-07,19.5,16.7,17.4,33.4,3.61
2026-04-08,23.5,16.6,13.3,31.5,11.52
2026-04-09,21.7,15.3,0.0,14.1,17.52
2026-04-10,22.1,14.7,1.7,12.2,13.14
2026-04-11,21.3,17.4,13.4,28.8,10.38
2026-04-12,20.7,18.5,42.0,39.6,2.97
2026-04-13,21.7,16.8,5.5,20.1,9.98
2026-04-14,18.7,14.2,5.9,17.1,10.59
2026-04-15,19.4,13.3,6.4,32.1,15.23
2026-04-16,19.2,16.1,1.1,27.9,14.0
2026-04-17,19.6,14.7,0.0,14.9,12.44
2026-04-18,21.4,14.3,1.2,25.2,12.18
2026-04-19,19.8,12.7,15.4,22.7,13.26
2026-04-20,17.4,12.1,9.9,13.9,11.51
2026-04-21,16.8,11.1,0.1,15.2,14.12
2026-04-22,16.4,11.2,0.0,12.8,9.67
2026-04-23,14.7,7.6,2.4,12.3,15.41
2026-04-24,15.5,9.1,17.7,16.9,4.52
2026-04-25,17.6,7.7,0.0,9.3,15.08
2026-04-26,18.1,9.3,0.1,14.3,12.29
2026-04-27,18.3,12.0,0.5,20.5,11.7
2026-04-28,18.4,11.1,0.9,9.7,12.1
2026-04-29,18.8,11.9,0.4,4.8,11.74
2026-04-30,18.8,12.3,0.1,13.4,12.96
2026-05-01,17.1,7.7,0.0,7.6,13.81
2026-05-02,17.8,8.8,0.1,8.6,12.24
2026-05-03,17.8,8.4,0.0,7.4,13.4
2026-05-04,17.8,9.2,0.0,10.3,12.96
2026-05-05,18.4,11.9,0.0,13.5,9.06
2026-05-06,19.6,15.5,0.6,14.3,10.57
2026-05-07,19.9,16.4,1.5,23.2,11.43
2026-05-08,19.3,17.2,17.3,31.1,5.83
2026-05-09,19.2,13.5,9.4,22.0,10.48
2026-05-10,18.1,13.9,0.2,30.6,8.08
2026-05-11,17.6,13.6,1.7,20.8,10.99
2026-05-12,16.4,12.1,4.3,16.2,5.67
2026-05-13,17.4,10.1,0.0,12.0,12.06
2026-05-14,16.3,8.9,0.0,9.9,12.02
2026-05-15,16.3,8.1,0.0,8.2,11.48
2026-05-16,16.2,8.2,0.0,9.2,11.94
2026-05-17,16.0,6.9,0.0,9.2,11.37
2026-05-18,16.0,6.8,0.0,7.3,11.47
2026-05-19,16.9,8.0,0.0,6.3,11.47
2026-05-20,17.1,9.6,0.5,16.6,10.77
2026-05-21,18.1,12.9,0.0,17.1,10.14
2026-05-22,17.7,11.7,0.0,16.9,9.68
2026-05-23,18.7,13.2,0.3,13.1,9.53
2026-05-24,18.1,12.5,0.1,16.2,9.05
2026-05-25,16.6,9.6,0.0,11.2,9.89
2026-05-26,16.9,8.8,0.0,19.7,8.76
2026-05-27,17.1,9.3,1.0,10.1,7.44
2026-05-28,17.0,10.1,0.1,13.0,8.42
2026-05-29,16.4,10.9,0.0,7.1,8.47
2026-05-30,17.6,10.5,0.4,23.2,8.16
2026-05-31,18.3,16.3,2.4,28.0,4.01
2026-06-01,18.7,17.1,10.1,36.0,3.66
2026-06-02,19.7,14.3,17.2,36.9,8.65
2026-06-03,17.0,12.5,12.7,20.3,6.48
2026-06-04,19.5,10.8,1.0,16.8,8.4
2026-06-05,18.4,14.6,17.1,25.1,4.61
2026-06-06,17.0,13.5,2.4,18.4,7.68
2026-06-07,16.5,14.0,0.2,29.2,9.24
2026-06-08,16.7,13.3,0.1,28.8,7.93
2026-06-09,16.5,10.0,0.1,31.9,9.33
2026-06-10,13.5,5.7,0.0,14.6,10.36
2026-06-11,13.4,6.7,0.0,10.3,9.72
2026-06-12,15.6,8.0,0.1,21.4,7.06
2026-06-13,14.8,8.0,0.0,6.3,8.27
2026-06-14,15.5,8.9,0.0,5.7,7.57
2026-06-15,17.1,9.9,0.0,13.6,7.72
2026-06-16,15.5,10.5,3.6,17.1,5.93
2026-06-17,15.4,10.7,0.3,22.5,7.44
2026-06-18,15.0,9.4,0.4,18.5,6.3
2026-06-19,14.8,8.1,0.0,18.6,9.87
2026-06-20,16.2,6.6,0.0,12.1,7.69
2026-06-21,17.6,12.9,2.2,21.6,4.95
2026-06-22,15.2,10.7,0.3,15.8,9.69
2026-06-23,16.5,11.0,0.6,20.8,8.13
2026-06-24,15.7,14.2,40.3,37.2,2.01
2026-06-25,16.3,11.0,5.4,28.4,7.73
2026-06-26,13.1,8.9,10.9,35.4,5.28
2026-06-27,15.8,7.9,0.0,15.1,9.42
2026-06-28,17.3,9.5,0.0,12.5,9.54
2026-06-29,14.6,9.1,0.1,11.6,9.4
2026-06-30,13.7,6.3,0.0,11.2,9.59
2026-07-01,13.9,4.9,0.0,7.2,9.86
2026-07-02,13.9,5.5,0.0,6.5,9.78
2026-07-03,13.1,6.2,0.0,3.9,7.82
2026-07-04,15.0,7.8,1.6,24.3,8.52
2026-07-05,16.4,9.9,4.1,26.3,9.09
2026-07-06,14.0,11.4,10.3,28.8,9.27
2026-07-07,14.3,10.6,5.0,19.3,7.58
2026-07-08,15.0,8.7,0.2,21.5,9.91
2026-07-09,13.2,7.4,1.0,23.9,5.31
2026-07-10,13.7,7.9,0.0,21.4,10.35
2026-07-11,12.4,3.9,0.0,7.7,10.66
2026-07-12,12.9,3.6,0.0,6.8,9.77
2026-07-13,15.1,7.9,0.4,15.5,9.21
2026-07-14,17.4,9.4,6.3,16.3,9.42
2026-07-15,16.6,7.6,0.7,7.1,8.63
2026-07-16,16.5,8.4,0.2,14.3,8.79
2026-07-17,15.1,11.3,0.1,17.4,8.55
2026-07-18,14.7,12.4,0.0,18.8,7.21
2026-07-19,15.0,9.8,0.1,17.8,9.0
2026-07-20,14.2,7.7,1.2,9.7,7.69
2026-07-21,14.3,8.2,0.8,13.9,10.57
2026-07-22,14.5,7.0,1.0,19.4,8.47
2026-07-23,13.6,7.2,1.0,5.4,8.65
2026-07-24,15.5,9.2,6.3,24.6,8.07
2026-07-25,12.6,10.0,7.7,35.8,8.78
2026-07-26,11.3,6.8,7.7,22.2,3.63
2026-07-27,12.1,3.7,0.0,15.8,11.93
2026-07-28,12.3,3.4,0.0,6.9,11.9
2026-07-29,13.8,3.2,0.0,10.1,10.87
2026-07-30,15.4,6.9,0.6,19.1,11.27
2026-07-31,15.1,9.2,5.8,21.3,10.22
2026-08-01,13.1,6.7,0.0,12.4,9.73
2026-08-02,12.8,3.3,0.0,13.4,12.74
2026-08-03,14.9,7.1,0.0,25.0,10.67
2026-08-04,14.4,6.3,1.4,28.7,10.62
2026-08-05,10.9,4.3,0.0,20.2,13.15
2026-08-06,10.8,2.2,0.0,13.5,13.54
2026-08-07,12.5,2.7,0.0,4.2,12.06
2026-08-08,13.7,6.7,0.2,15.1,9.29
2026-08-09,14.4,10.8,13.5,20.6,3.69
2026-08-10,16.0,7.8,0.1,14.7,12.23
2026-08-11,15.3,7.5,0.0,9.7,11.64
2026-08-12,14.5,11.7,20.5,23.8,4.96
2026-08-13,17.6,12.0,42.4,16.4,10.25
2026-08-14,16.6,12.3,2.6,12.1,9.15
2026-08-15,17.3,11.7,10.9,21.3,13.27
2026-08-16,14.8,8.2,2.9,22.2,11.94
2026-08-17,12.0,7.8,0.0,20.3,14.58
2026-08-18,12.9,6.9,0.0,22.3,14.48
2026-08-19,12.2,6.7,0.0,18.7,15.75
2026-08-20,14.6,4.4,0.0,15.2,13.86
2026-08-21,16.0,6.8,0.0,13.6,10.99
2026-08-22,15.5,9.8,0.2,13.8,10.43
2026-08-23,17.2,9.4,2.2,29.1,12.28
2026-08-24,15.6,10.7,0.0,19.2,14.68
2026-08-25,15.5,9.0,0.0,18.3,11.76
2026-08-26,17.2,10.8,0.1,17.8,13.8
2026-08-27,17.2,9.4,0.8,13.6,12.53
2026-08-28,16.7,12.9,5.6,22.4,10.81
2026-08-29,14.7,11.5,39.3,25.8,2.76
2026-08-30,16.1,11.5,0.5,31.6,12.39
2026-08-31,15.8,13.3,2.4,31.8,13.98
2026-09-01,14.9,12.4,0.7,31.2,11.58
2026-09-02,16.3,12.3,0.0,21.3,14.03
2026-09-03,17.8,11.9,1.5,16.5,14.24
2026-09-04,18.0,13.2,1.6,30.1,11.33
2026-09-05,16.8,11.2,0.0,16.1,17.42
2026-09-06,17.3,10.1,1.6,21.9,13.96
2026-09-07,16.0,11.6,11.0,22.7,8.91
2026-09-08,15.7,9.7,0.0,16.0,17.35
2026-09-09,16.5,6.3,0.0,7.6,17.35
2026-09-10,15.1,7.5,5.5,15.7,10.38
